location,neighborhoods,population,table_date
"Albuquerque, New Mexico",Sun North Estates,249,2023-11-23
"Albuquerque, New Mexico",Cherry Hills,886,2023-11-23
"Albuquerque, New Mexico",Alameda N Valley,7,2023-11-23
"Albuquerque, New Mexico",West Mesa,"7,098",2023-11-23
"Albuquerque, New Mexico",Jerry Cline Park,"1,452",2023-11-23
"Albuquerque, New Mexico",Hodgin,"3,285",2023-11-23
"Albuquerque, New Mexico",Greater Gardner,251,2023-11-23
"Albuquerque, New Mexico",Cottonwood Heights,"1,630",2023-11-23
"Albuquerque, New Mexico",West Bluff,"1,831",2023-11-23
"Albuquerque, New Mexico",Carmel,34,2023-11-23
"Albuquerque, New Mexico",Trumbull Village,"8,455",2023-11-23
"Albuquerque, New Mexico",Sandia Ridge,"1,145",2023-11-23
"Albuquerque, New Mexico",Boyds-Leslie Park,299,2023-11-23
"Albuquerque, New Mexico",Sonora,240,2023-11-23
"Albuquerque, New Mexico",Oso Grande,"1,061",2023-11-23
"Albuquerque, New Mexico",Alban Hills,"4,335",2023-11-23
"Albuquerque, New Mexico",Alamosa,"4,506",2023-11-23
"Albuquerque, New Mexico",Broadway Central,"1,093",2023-11-23
"Albuquerque, New Mexico",Glenwood Hills,"2,680",2023-11-23
"Albuquerque, New Mexico",Heritage East,"3,155",2023-11-23
"Albuquerque, New Mexico",Rio Grande Blvd,"2,411",2023-11-23
"Albuquerque, New Mexico",South Guadalupe Trail,699,2023-11-23
"Albuquerque, New Mexico",Winterwood Park,47,2023-11-23
"Albuquerque, New Mexico",Seven Bar North,"1,471",2023-11-23
"Albuquerque, New Mexico",Fair Heights,984,2023-11-23
"Albuquerque, New Mexico",Tanoan,"1,405",2023-11-23
"Albuquerque, New Mexico",Wells Park,"1,321",2023-11-23
"Albuquerque, New Mexico",Onate,"1,347",2023-11-23
"Albuquerque, New Mexico",Glenwood Hills South Casa Grande,"1,201",2023-11-23
"Albuquerque, New Mexico",Parkway,"3,533",2023-11-23
"Arlington, Texas",North,"40,012",2023-11-23
"Arlington, Texas",Southwest,"49,063",2023-11-23
"Arlington, Texas",Central,"24,068",2023-11-23
"Arlington, Texas",West,"76,971",2023-11-23
"Arlington, Texas",East,"91,825",2023-11-23
"Arlington, Texas",Southeast,"83,499",2023-11-23
"Atlanta, Georgia",Capitol View Manor,659,2023-11-23
"Atlanta, Georgia",Englewood Manor,7,2023-11-23
"Atlanta, Georgia",Ben Hill Forest,92,2023-11-23
"Atlanta, Georgia",Beecher Hills,664,2023-11-23
"Atlanta, Georgia",Fort McPherson,371,2023-11-23
"Atlanta, Georgia",Ben Hill,"1,787",2023-11-23
"Atlanta, Georgia",Fairburn Mays,"3,424",2023-11-23
"Atlanta, Georgia",Tuxedo Park,"1,001",2023-11-23
"Atlanta, Georgia",English Park,227,2023-11-23
"Atlanta, Georgia",Niskey Cove,"1,579",2023-11-23
"Atlanta, Georgia",Chastain Park,"2,458",2023-11-23
"Atlanta, Georgia",State Facility,245,2023-11-23
"Atlanta, Georgia",Ashview Heights,"1,308",2023-11-23
"Atlanta, Georgia",Randall Mill,332,2023-11-23
"Atlanta, Georgia",Lindridge - Martin Manor,"4,206",2023-11-23
"Atlanta, Georgia",Betmar LaVilla,528,2023-11-23
"Atlanta, Georgia",Florida Heights,"1,191",2023-11-23
"Atlanta, Georgia",Bankhead,"1,810",2023-11-23
"Atlanta, Georgia",Marietta Street Artery,707,2023-11-23
"Atlanta, Georgia",Cross Creek,"2,025",2023-11-23
"Atlanta, Georgia",The Villages at Carver,955,2023-11-23
"Atlanta, Georgia",Oakland,270,2023-11-23
"Atlanta, Georgia",Oakcliff,836,2023-11-23
"Atlanta, Georgia",Fairburn Road - Wisteria Lane,44,2023-11-23
"Atlanta, Georgia",Midtown,"17,064",2023-11-23
"Atlanta, Georgia",Butner-Tell,334,2023-11-23
"Atlanta, Georgia",Pittsburgh,"3,468",2023-11-23
"Atlanta, Georgia",Audobon Forest West,320,2023-11-23
"Austin, Texas",Cantarra,191,2023-11-23
"Austin, Texas",MLK,"4,917",2023-11-23
"Austin, Texas",North Shoal Creek,"3,471",2023-11-23
"Austin, Texas",Crestview,"3,927",2023-11-23
"Austin, Texas",Wooten,"5,339",2023-11-23
"Austin, Texas",Dessau Estates,"1,221",2023-11-23
"Austin, Texas",Rosewood,"4,076",2023-11-23
"Austin, Texas",North Lamar,"6,478",2023-11-23
"Austin, Texas",University Hills,"4,665",2023-11-23
"Austin, Texas",Old West Austin,"4,225",2023-11-23
"Austin, Texas",Hancock,"4,662",2023-11-23
"Austin, Texas",Windsor Park,"15,086",2023-11-23
"Austin, Texas",Upper Boggy Creek,"5,302",2023-11-23
"Austin, Texas",Govalle,"4,078",2023-11-23
"Austin, Texas",Downtown,"7,635",2023-11-23
"Austin, Texas",Parker Lane,"9,581",2023-11-23
"Austin, Texas",Franklin Park,"16,927",2023-11-23
"Austin, Texas",Pleasant Valley,"12,618",2023-11-23
"Austin, Texas",Pecan Springs Springdale,"4,832",2023-11-23
"Austin, Texas",Brentwood,"7,513",2023-11-23
"Austin, Texas",North University,"4,791",2023-11-23
"Austin, Texas",West Congress,"2,674",2023-11-23
"Austin, Texas",University of Texas,"7,246",2023-11-23
"Austin, Texas",North Burnett,"4,472",2023-11-23
"Austin, Texas",East Congress,"3,104",2023-11-23
"Austin, Texas",Rosedale,"6,005",2023-11-23
"Austin, Texas",Windsor Hills,"7,087",2023-11-23
"Austin, Texas",Heritage Hills,"5,853",2023-11-23
"Baltimore, Maryland",Loch Raven,"6,163",2023-11-23
"Baltimore, Maryland",Holabird Industrial Park,18,2023-11-23
"Baltimore, Maryland",Mount Vernon,"4,818",2023-11-23
"Baltimore, Maryland",Cameron Village,"1,435",2023-11-23
"Baltimore, Maryland",Hunting Ridge,"1,296",2023-11-23
"Baltimore, Maryland",Biddle Street,"1,265",2023-11-23
"Baltimore, Maryland",Morgan Park,256,2023-11-23
"Baltimore, Maryland",Purnell,849,2023-11-23
"Baltimore, Maryland",Little Italy,576,2023-11-23
"Baltimore, Maryland",Carroll Park,43,2023-11-23
"Baltimore, Maryland",Herring Run Park,30,2023-11-23
"Baltimore, Maryland",Woodbourne Heights,"1,795",2023-11-23
"Baltimore, Maryland",Winchester,"1,420",2023-11-23
"Baltimore, Maryland",West Forest Park,"2,408",2023-11-23
"Baltimore, Maryland",Poppleton,"3,105",2023-11-23
"Baltimore, Maryland",Stonewood-Pentwood-Winston,"1,405",2023-11-23
"Baltimore, Maryland",Evergreen Lawn,"1,132",2023-11-23
"Baltimore, Maryland",Levindale,"1,218",2023-11-23
"Baltimore, Maryland",Cedarcroft,726,2023-11-23
"Baltimore, Maryland",Dunbar-Broadway,889,2023-11-23
"Baltimore, Maryland",Parkview - Woodbrook,"1,981",2023-11-23
"Baltimore, Maryland",Lucille Park,567,2023-11-23
"Baltimore, Maryland",Winston-Govans,"1,341",2023-11-23
"Baltimore, Maryland",Easterwood,"1,596",2023-11-23
"Baltimore, Maryland",Patterson Park,"5,820",2023-11-23
"Baltimore, Maryland",Medford,"1,412",2023-11-23
"Baltimore, Maryland",Highlandtown,"2,666",2023-11-23
"Baltimore, Maryland",Sharp-Leadenhall,822,2023-11-23
"Baltimore, Maryland",Violetville,"2,507",2023-11-23
"Baltimore, Maryland",Hanlon-Longwood,"2,311",2023-11-23
"Boston, Massachusetts",Kenmore,"17,209",2023-11-23
"Boston, Massachusetts",East Boston,"40,508",2023-11-23
"Boston, Massachusetts",North End,"10,605",2023-11-23
"Boston, Massachusetts",Boston Harbor Islands,2,2023-11-23
"Boston, Massachusetts",Bay Village,"3,658",2023-11-23
"Boston, Massachusetts",Charlestown,"16,439",2023-11-23
"Boston, Massachusetts",Chinatown,"6,871",2023-11-23
"Boston, Massachusetts",Long Island,533,2023-11-23
"Boston, Massachusetts",Hyde Park,"31,845",2023-11-23
"Boston, Massachusetts",Downtown Crossing,815,2023-11-23
"Boston, Massachusetts",Government Center,300,2023-11-23
"Boston, Massachusetts",Back Bay,"21,884",2023-11-23
"Boston, Massachusetts",Downtown,"1,976",2023-11-23
"Boston, Massachusetts",North Dorchester,"27,541",2023-11-23
"Boston, Massachusetts",Mattapan,"34,391",2023-11-23
"Boston, Massachusetts",West End,"5,330",2023-11-23
"Boston, Massachusetts",Allston,"28,821",2023-11-23
"Boston, Massachusetts",Roxbury,"52,534",2023-11-23
"Boston, Massachusetts",Haymarket,221,2023-11-23
"Boston, Massachusetts",South Dorchester,"60,792",2023-11-23
"Boston, Massachusetts",Beacon Hill,"9,943",2023-11-23
"Boston, Massachusetts",Brighton,"45,977",2023-11-23
"Charlotte, North Carolina",Ponderosa-Wingate,"1,491",2023-11-23
"Charlotte, North Carolina",Arbor Glen,925,2023-11-23
"Charlotte, North Carolina",Highland Creek,"11,456",2023-11-23
"Charlotte, North Carolina",Sardis Forest,"4,050",2023-11-23
"Charlotte, North Carolina",Eastway-Sheffield Park,"4,881",2023-11-23
"Charlotte, North Carolina",Sardis Woods,"4,357",2023-11-23
"Charlotte, North Carolina",Colonial Village,"1,129",2023-11-23
"Charlotte, North Carolina",Wessex Square,"5,987",2023-11-23
"Charlotte, North Carolina",Lincoln Heights,"2,269",2023-11-23
"Charlotte, North Carolina",Westchester,"3,466",2023-11-23
"Charlotte, North Carolina",Wilmore,"1,551",2023-11-23
"Charlotte, North Carolina",University Park,"1,249",2023-11-23
"Charlotte, North Carolina",Firestone-Garden Park,"4,107",2023-11-23
"Charlotte, North Carolina",Druid Hills South,989,2023-11-23
"Charlotte, North Carolina",Oak Forest,"6,664",2023-11-23
"Charlotte, North Carolina",East Forest,"11,626",2023-11-23
"Charlotte, North Carolina",Smallwood,"1,167",2023-11-23
"Charlotte, North Carolina",Sherwood Forest,"3,514",2023-11-23
"Charlotte, North Carolina",Yorkmount,"9,528",2023-11-23
"Charlotte, North Carolina",University City North,"2,587",2023-11-23
"Charlotte, North Carolina",McCrorey Heights,335,2023-11-23
"Charlotte, North Carolina",Reid Park,859,2023-11-23
"Charlotte, North Carolina",Ballantyne East,"8,255",2023-11-23
"Charlotte, North Carolina",Commonwealth,546,2023-11-23
"Charlotte, North Carolina",North Charlotte,"2,859",2023-11-23
"Charlotte, North Carolina",Madison Park,"4,557",2023-11-23
"Charlotte, North Carolina",Harwood Lane,"5,813",2023-11-23
"Charlotte, North Carolina",Briarcreek-Woodland,"4,336",2023-11-23
"Charlotte, North Carolina",Third Ward,"2,831",2023-11-23
"Charlotte, North Carolina",Charlotte Douglas International Airport,247,2023-11-23
"Chicago, Illinois",Bronzeville,"29,313",2023-11-23
"Chicago, Illinois",Streeterville,"21,156",2023-11-23
"Chicago, Illinois",New Eastside,"6,686",2023-11-23
"Chicago, Illinois",West De Paul,"2,768",2023-11-23
"Chicago, Illinois",Bowmanville,"3,985",2023-11-23
"Chicago, Illinois",The Villa,592,2023-11-23
"Chicago, Illinois",Old Edgebrook,116,2023-11-23
"Chicago, Illinois",Trumbull Park,822,2023-11-23
"Chicago, Illinois",Chicago Lawn,"18,913",2023-11-23
"Chicago, Illinois",West Woodlawn,"8,104",2023-11-23
"Chicago, Illinois",Rosemoor,"8,845",2023-11-23
"Chicago, Illinois",Mount Greenwood Heights,817,2023-11-23
"Chicago, Illinois",Old Town Triangle,"7,483",2023-11-23
"Chicago, Illinois",Dunning,"6,881",2023-11-23
"Chicago, Illinois",Gold Coast,"13,639",2023-11-23
"Chicago, Illinois",Oakland,"4,571",2023-11-23
"Chicago, Illinois",Pulaski Park,"3,956",2023-11-23
"Chicago, Illinois",Logan Square,"84,998",2023-11-23
"Chicago, Illinois",Edgewater Glen,"2,194",2023-11-23
"Chicago, Illinois",Old Norwood Park,"3,148",2023-11-23
"Chicago, Illinois",The Robert Taylor Homes,905,2023-11-23
"Chicago, Illinois",Stony Island Park,"3,615",2023-11-23
"Chicago, Illinois",Sleepy Hollow,"1,473",2023-11-23
"Chicago, Illinois",Edgebrook,"4,430",2023-11-23
"Chicago, Illinois",South Loop,"31,855",2023-11-23
"Chicago, Illinois",Hegewisch,"13,438",2023-11-23
"Chicago, Illinois",LeClaire Courts,"1,721",2023-11-23
"Chicago, Illinois",Schorsch Forest View,"2,216",2023-11-23
"Chicago, Illinois",Roscoe Village,"10,048",2023-11-23
"Chicago, Illinois",Kilbourn Park,"7,043",2023-11-23
"Cleveland, Ohio",South Collinwood,"10,549",2023-11-23
"Cleveland, Ohio",University District,"7,906",2023-11-23
"Cleveland, Ohio",Woodland Hills,"8,589",2023-11-23
"Cleveland, Ohio",Downtown,"9,098",2023-11-23
"Cleveland, Ohio",Industrial Valley,893,2023-11-23
"Cleveland, Ohio",Union Miles Park,"10,266",2023-11-23
"Cleveland, Ohio",Central,"12,738",2023-11-23
"Cleveland, Ohio",Fairfax,"5,167",2023-11-23
"Cleveland, Ohio",Brooklyn Centre,"8,214",2023-11-23
"Cleveland, Ohio",Kinsman,"4,021",2023-11-23
"Cleveland, Ohio",Kamm's Corner,"20,511",2023-11-23
"Cleveland, Ohio",Stockyards,"7,364",2023-11-23
"Cleveland, Ohio",Riverside,"2,452",2023-11-23
"Cleveland, Ohio",Old Brooklyn,"32,009",2023-11-23
"Cleveland, Ohio",South Broadway,"16,623",2023-11-23
"Cleveland, Ohio",St. Claire-Superior,"7,199",2023-11-23
"Cleveland, Ohio",Buckeye Shaker,"12,470",2023-11-23
"Cleveland, Ohio",North Collinwood,"16,761",2023-11-23
"Cleveland, Ohio",Mt Pleasant,"16,805",2023-11-23
"Cleveland, Ohio",Lee Miles,"13,820",2023-11-23
"Cleveland, Ohio",West Boulevard,"16,017",2023-11-23
"Cleveland, Ohio",Jefferson,"16,548",2023-11-23
"Cleveland, Ohio",Edgewater,"7,633",2023-11-23
"Cleveland, Ohio",Clark Fulton,"11,126",2023-11-23
"Cleveland, Ohio",Corlett,"11,581",2023-11-23
"Cleveland, Ohio",Tremont,"6,912",2023-11-23
"Cleveland, Ohio",Ohio City - West Side,"9,210",2023-11-23
"Cleveland, Ohio",Glenville,"15,940",2023-11-23
"Cleveland, Ohio",Puritas-Longmead,"15,855",2023-11-23
"Cleveland, Ohio",Cudell,"9,612",2023-11-23
"Colorado Springs, Colorado",Peterson Air Force Base,"1,460",2023-11-23
"Colorado Springs, Colorado",West Colorado Springs,"14,703",2023-11-23
"Colorado Springs, Colorado",Northwest Colorado Springs,"27,609",2023-11-23
"Colorado Springs, Colorado",Falcon,"7,033",2023-11-23
"Colorado Springs, Colorado",Southeast Colorado Springs,"59,647",2023-11-23
"Colorado Springs, Colorado",Northgate,"5,564",2023-11-23
"Colorado Springs, Colorado",Powers,"35,017",2023-11-23
"Colorado Springs, Colorado",Briargate,"43,486",2023-11-23
"Colorado Springs, Colorado",Old Colorado City,"16,545",2023-11-23
"Colorado Springs, Colorado",Southwest Colorado Springs,"36,913",2023-11-23
"Colorado Springs, Colorado",East Colorado Springs,"58,791",2023-11-23
"Colorado Springs, Colorado",Central Colorado Springs,"56,976",2023-11-23
"Colorado Springs, Colorado",Flying Horse,"2,222",2023-11-23
"Colorado Springs, Colorado",Northeast Colorado Springs,"58,782",2023-11-23
"Columbus, Ohio",Westbelt,359,2023-11-23
"Columbus, Ohio",Southwest,"7,611",2023-11-23
"Columbus, Ohio",Brandywine,"3,859",2023-11-23
"Columbus, Ohio",Shepard,982,2023-11-23
"Columbus, Ohio",Seven Oaks,212,2023-11-23
"Columbus, Ohio",Scioto Trace,"1,974",2023-11-23
"Columbus, Ohio",Brookside Woods,"3,137",2023-11-23
"Columbus, Ohio",Brentwood Park,874,2023-11-23
"Columbus, Ohio",King-Lincoln-Bronzeville,"3,322",2023-11-23
"Columbus, Ohio",Worthingview,892,2023-11-23
"Columbus, Ohio",Hilltop,2,2023-11-23
"Columbus, Ohio",Three Rivers,"1,968",2023-11-23
"Columbus, Ohio",West London,4,2023-11-23
"Columbus, Ohio",Central Clintonville,"5,051",2023-11-23
"Columbus, Ohio",Foxboro,"2,765",2023-11-23
"Columbus, Ohio",East Beechwold,"2,585",2023-11-23
"Columbus, Ohio",East,"9,498",2023-11-23
"Columbus, Ohio",Olde Orchard,"3,975",2023-11-23
"Columbus, Ohio",Maize-Morse,"10,557",2023-11-23
"Columbus, Ohio",Cross Creek,"5,295",2023-11-23
"Columbus, Ohio",Linwood,"6,132",2023-11-23
"Columbus, Ohio",Downtown,"5,221",2023-11-23
"Columbus, Ohio",Glen Echo,938,2023-11-23
"Columbus, Ohio",Milbrook,"1,530",2023-11-23
"Columbus, Ohio",Wood Bridge Green,"1,023",2023-11-23
"Columbus, Ohio",Westbrook,258,2023-11-23
"Columbus, Ohio",Brittany Hills,"2,405",2023-11-23
"Columbus, Ohio",Madison Mills,"2,342",2023-11-23
"Columbus, Ohio",Tri-Village,"7,493",2023-11-23
"Columbus, Ohio",Woodland Park,"1,813",2023-11-23
"Dallas, Texas",Winnetka Heights,"57,458",2023-11-23
"Dallas, Texas",Coppell,7,2023-11-23
"Dallas, Texas",Cedar Crest,"59,349",2023-11-23
"Dallas, Texas",Arts District,73,2023-11-23
"Dallas, Texas",Lake Highlands,"52,065",2023-11-23
"Dallas, Texas",Southwest Dallas,"93,399",2023-11-23
"Dallas, Texas",Government District,813,2023-11-23
"Dallas, Texas",Southeast Dallas,"131,845",2023-11-23
"Dallas, Texas",Wolf Creek,"34,440",2023-11-23
"Dallas, Texas",Bluffview,"14,643",2023-11-23
"Dallas, Texas",South Dallas,"28,188",2023-11-23
"Dallas, Texas",Oak Lawn,"47,394",2023-11-23
"Dallas, Texas",Northeast Dallas,"224,570",2023-11-23
"Dallas, Texas",Eagle Ford,"26,459",2023-11-23
"Dallas, Texas",Lake Caroline,658,2023-11-23
"Dallas, Texas",Far North,"154,341",2023-11-23
"Dallas, Texas",South Boulevard-Park Row Historic,"25,184",2023-11-23
"Dallas, Texas",Reunion District,14,2023-11-23
"Dallas, Texas",Buckner Terrace,"11,819",2023-11-23
"Dallas, Texas",West End Historic District,477,2023-11-23
"Dallas, Texas",City Center District,858,2023-11-23
"Dallas, Texas",North Dallas,"40,125",2023-11-23
"Dallas, Texas",Love Field Area,"10,604",2023-11-23
"Dallas, Texas",Main Street District,"1,487",2023-11-23
"Dallas, Texas",Farmers Market District,"2,364",2023-11-23
"Denver, Colorado",Hilltop,"8,190",2023-11-23
"Denver, Colorado",Bear Valley,"8,892",2023-11-23
"Denver, Colorado",University Hills,"5,568",2023-11-23
"Denver, Colorado",Ruby Hill,"9,820",2023-11-23
"Denver, Colorado",Sloan Lake,"7,238",2023-11-23
"Denver, Colorado",Speer,"10,954",2023-11-23
"Denver, Colorado",Cole,"4,651",2023-11-23
"Denver, Colorado",Whittier,"4,831",2023-11-23
"Denver, Colorado",South Park Hill,"8,590",2023-11-23
"Denver, Colorado",Capitol Hill,"14,708",2023-11-23
"Denver, Colorado",Cory - Merrill,"3,892",2023-11-23
"Denver, Colorado",Belcaro,"4,172",2023-11-23
"Denver, Colorado",University Park,"7,491",2023-11-23
"Denver, Colorado",Fort Logan,"8,445",2023-11-23
"Denver, Colorado",Cherry Creek,"5,589",2023-11-23
"Denver, Colorado",Gateway - Green Valley Ranch,"29,201",2023-11-23
"Denver, Colorado",Barnum West,"5,376",2023-11-23
"Denver, Colorado",Villa Park,"8,758",2023-11-23
"Denver, Colorado",North Capitol Hill,"5,823",2023-11-23
"Denver, Colorado",Southmoor Park,"3,826",2023-11-23
"Denver, Colorado",Windsor,"12,589",2023-11-23
"Denver, Colorado",Goldsmith,"5,808",2023-11-23
"Denver, Colorado",Jefferson Park,"2,552",2023-11-23
"Denver, Colorado",Lowry Field,"8,067",2023-11-23
"Denver, Colorado",Washington Park West,"6,393",2023-11-23
"Denver, Colorado",City Park,"2,907",2023-11-23
"Detroit, Michigan",Marina District,715,2023-11-23
"Detroit, Michigan",Conant Gardens,"1,001",2023-11-23
"Detroit, Michigan",Warrendale,"18,978",2023-11-23
"Detroit, Michigan",University District,"2,073",2023-11-23
"Detroit, Michigan",Grixdale,"1,130",2023-11-23
"Detroit, Michigan",Minock Park,"1,216",2023-11-23
"Detroit, Michigan",Hubbard-Richard,"2,082",2023-11-23
"Detroit, Michigan",Briggs,"1,725",2023-11-23
"Detroit, Michigan",Art Center,"1,866",2023-11-23
"Detroit, Michigan",Wayne State,"4,061",2023-11-23
"Detroit, Michigan",Springwells,"13,550",2023-11-23
"Detroit, Michigan",Regent Park,"4,964",2023-11-23
"Detroit, Michigan",Carbon Works,776,2023-11-23
"Detroit, Michigan",Virginia Park,"2,141",2023-11-23
"Detroit, Michigan",Petosky-Otsego,"10,389",2023-11-23
"Detroit, Michigan",Fishkorn,"3,832",2023-11-23
"Detroit, Michigan",Oakwood Heights,594,2023-11-23
"Detroit, Michigan",Grandale,"6,986",2023-11-23
"Detroit, Michigan",Westwood Park,903,2023-11-23
"Detroit, Michigan",Jefferson Chalmers,"6,624",2023-11-23
"Detroit, Michigan",Boynton,"6,946",2023-11-23
"Detroit, Michigan",Franklin Park,"10,632",2023-11-23
"Detroit, Michigan",LaSalle College Park,"3,583",2023-11-23
"Detroit, Michigan",Green Acres,"1,053",2023-11-23
"Detroit, Michigan",Detroit Golf,"1,448",2023-11-23
"Detroit, Michigan",Millenium Village,789,2023-11-23
"Detroit, Michigan",Weatherby,"1,865",2023-11-23
"Detroit, Michigan",Van Steuban,"7,066",2023-11-23
"Detroit, Michigan",Old Redford,835,2023-11-23
"Detroit, Michigan",Mohican Regent,"2,849",2023-11-23
"El Paso, Texas",San Juan,"2,506",2023-11-23
"El Paso, Texas",Castner Heights,"3,489",2023-11-23
"El Paso, Texas",Chamizal,"1,649",2023-11-23
"El Paso, Texas",Five Points,"10,952",2023-11-23
"El Paso, Texas",Central,"44,993",2023-11-23
"El Paso, Texas",Ysleta Mission Valley,"9,276",2023-11-23
"El Paso, Texas",Sunset Heights,"3,192",2023-11-23
"El Paso, Texas",Northeast,"90,056",2023-11-23
"El Paso, Texas",Chihuahuita,318,2023-11-23
"El Paso, Texas",Friends of Karl Wyler,"1,392",2023-11-23
"El Paso, Texas",Golden Hills,"3,254",2023-11-23
"El Paso, Texas",Redd-Mulberry,308,2023-11-23
"El Paso, Texas",East Side,"140,171",2023-11-23
"El Paso, Texas",Lakeside,"1,660",2023-11-23
"El Paso, Texas",Zach White,"4,516",2023-11-23
"El Paso, Texas",Via Hermosa,89,2023-11-23
"El Paso, Texas",Mountain Arroyos,"2,879",2023-11-23
"El Paso, Texas",Montoya Heights,893,2023-11-23
"El Paso, Texas",Rim Area,"1,115",2023-11-23
"El Paso, Texas",Borderland,"1,200",2023-11-23
"El Paso, Texas",Carpenter,332,2023-11-23
"El Paso, Texas",Manhattan Heights,"1,932",2023-11-23
"El Paso, Texas",South Mesa,"1,638",2023-11-23
"El Paso, Texas",Album Park,"13,762",2023-11-23
"El Paso, Texas",A Presidential Neighborhood,914,2023-11-23
"El Paso, Texas",Cielo Vista,"20,434",2023-11-23
"El Paso, Texas",Little Bit of Country,44,2023-11-23
"El Paso, Texas",Buena Vista,63,2023-11-23
"El Paso, Texas",La Colonia Escondida,313,2023-11-23
"El Paso, Texas",Willow Bend One,87,2023-11-23
"Fort Worth, Texas",Colonial Hills,985,2023-11-23
"Fort Worth, Texas",Tanglewood,"1,479",2023-11-23
"Fort Worth, Texas",Marine Park,322,2023-11-23
"Fort Worth, Texas",Park Palisades,164,2023-11-23
"Fort Worth, Texas",Stone Meadow,"1,491",2023-11-23
"Fort Worth, Texas",Lost Creek,"1,024",2023-11-23
"Fort Worth, Texas",Parkview Hills,"3,520",2023-11-23
"Fort Worth, Texas",Altemesa East,495,2023-11-23
"Fort Worth, Texas",Carter Park,"2,219",2023-11-23
"Fort Worth, Texas",Brittany Place,258,2023-11-23
"Fort Worth, Texas",Southgate,"1,902",2023-11-23
"Fort Worth, Texas",Cheyenne Ridge,423,2023-11-23
"Fort Worth, Texas",Park Glen,"11,305",2023-11-23
"Fort Worth, Texas",Bellaire Park North,674,2023-11-23
"Fort Worth, Texas",Hollow Hills,"2,099",2023-11-23
"Fort Worth, Texas",Ramey Place,211,2023-11-23
"Fort Worth, Texas",White Lake Hills,"1,201",2023-11-23
"Fort Worth, Texas",Marine Creek,"1,949",2023-11-23
"Fort Worth, Texas",Caville,817,2023-11-23
"Fort Worth, Texas",Bently Village,699,2023-11-23
"Fort Worth, Texas",Greenway,406,2023-11-23
"Fort Worth, Texas",Historic Southside,"2,047",2023-11-23
"Fort Worth, Texas",Upper West Side,836,2023-11-23
"Fort Worth, Texas",East Lake Worth,86,2023-11-23
"Fort Worth, Texas",South Meadows Crossing,"2,392",2023-11-23
"Fort Worth, Texas",Fairway Bend,"4,557",2023-11-23
"Fort Worth, Texas",South Edgewood,810,2023-11-23
"Fort Worth, Texas",Candle Ridge West,"1,962",2023-11-23
"Fresno, California",Mclane,"51,479",2023-11-23
"Fresno, California",Roosevelt,"131,343",2023-11-23
"Fresno, California",Hoover,"52,097",2023-11-23
"Fresno, California",Woodward Park,"56,321",2023-11-23
"Fresno, California",Central,"14,193",2023-11-23
"Fresno, California",West,"43,292",2023-11-23
"Fresno, California",Bullard,"99,229",2023-11-23
"Fresno, California",Edison,"27,311",2023-11-23
"Fresno, California",Fresno High Roeding,"57,068",2023-11-23
"Houston, Texas",Alief,"102,235",2023-11-23
"Houston, Texas",Fondren Gardens,"2,896",2023-11-23
"Houston, Texas",Iah - Airport Area,"10,515",2023-11-23
"Houston, Texas",Meadowbrook - Allendale,"23,115",2023-11-23
"Houston, Texas",Greater Hobby Area,"22,317",2023-11-23
"Houston, Texas",Greater Uptown,"49,277",2023-11-23
"Houston, Texas",Eldridge - West Oaks,"56,239",2023-11-23
"Houston, Texas",Denver Harbor - Port Houston,"17,164",2023-11-23
"Houston, Texas",Lawndale - Wayside,"12,648",2023-11-23
"Houston, Texas",Astrodome Area,"17,697",2023-11-23
"Houston, Texas",Northside Village,"26,831",2023-11-23
"Houston, Texas",Greater Fondren Southwest,"58,703",2023-11-23
"Houston, Texas",Golfcrest - Bellfort - Reveille,"49,757",2023-11-23
"Houston, Texas",Neartown - Montrose,"28,957",2023-11-23
"Houston, Texas",Kashmere Gardens,"9,527",2023-11-23
"Houston, Texas",Harrisburg - Manchester,"3,158",2023-11-23
"Houston, Texas",Greater Greenspoint,"42,888",2023-11-23
"Houston, Texas",Spring Branch West,"30,076",2023-11-23
"Houston, Texas",Woodlake - Briarmeadow,"47,958",2023-11-23
"Houston, Texas",Fourth Ward,"3,881",2023-11-23
"Houston, Texas",Magnolia Park,"17,684",2023-11-23
"Houston, Texas",Willow Meadows - Willowbend Area,"12,750",2023-11-23
"Houston, Texas",Greenway - Upper Kirby Area,"19,931",2023-11-23
"Houston, Texas",Briarforest Area,"39,031",2023-11-23
"Houston, Texas",Pleasantville Area,"3,141",2023-11-23
"Houston, Texas",Spring Branch Central,"28,081",2023-11-23
"Houston, Texas",Hunterwood,"2,526",2023-11-23
"Houston, Texas",Greater Inwood,"33,923",2023-11-23
"Houston, Texas",Spring Branch North,"19,728",2023-11-23
"Houston, Texas",Independence Heights,"13,388",2023-11-23
"Jacksonville, Florida",Oak Haven,"1,026",2023-11-23
"Jacksonville, Florida",Hillcrest,"7,045",2023-11-23
"Jacksonville, Florida",Arlington Manor,"4,385",2023-11-23
"Jacksonville, Florida",Brown Island,292,2023-11-23
"Jacksonville, Florida",Fairfield,"1,127",2023-11-23
"Jacksonville, Florida",Pecan Park,"4,042",2023-11-23
"Jacksonville, Florida",Fairways Forest,"2,822",2023-11-23
"Jacksonville, Florida",Arrowhead,"3,759",2023-11-23
"Jacksonville, Florida",Brooklyn,66,2023-11-23
"Jacksonville, Florida",Pumpkin Hill,"1,536",2023-11-23
"Jacksonville, Florida",Larsen,"1,681",2023-11-23
"Jacksonville, Florida",Holiday Hill,"6,831",2023-11-23
"Jacksonville, Florida",Harborview,"2,193",2023-11-23
"Jacksonville, Florida",The Cape,"7,274",2023-11-23
"Jacksonville, Florida",Riverside,"9,544",2023-11-23
"Jacksonville, Florida",Murray Hill,"9,305",2023-11-23
"Jacksonville, Florida",Windy Hill,"12,821",2023-11-23
"Jacksonville, Florida",Jacksonville Naval Air Station,"2,334",2023-11-23
"Jacksonville, Florida",Park Ridge,837,2023-11-23
"Jacksonville, Florida",Deercreek,"3,165",2023-11-23
"Jacksonville, Florida",Fairfax,"1,722",2023-11-23
"Jacksonville, Florida",Atlantic Highlands,"1,719",2023-11-23
"Jacksonville, Florida",Sweetwater,"2,552",2023-11-23
"Jacksonville, Florida",29th and Chase,"1,837",2023-11-23
"Jacksonville, Florida",Normandy Estate,"6,418",2023-11-23
"Jacksonville, Florida",Woodstock,"4,906",2023-11-23
"Jacksonville, Florida",Deerwood Center,803,2023-11-23
"Jacksonville, Florida",Isle of Palms,"2,727",2023-11-23
"Jacksonville, Florida",Lakewood,"4,575",2023-11-23
"Kansas City, Missouri",Palestine West and Oak Park Northeast,"1,142",2023-11-23
"Kansas City, Missouri",Oakwood,515,2023-11-23
"Kansas City, Missouri",Eastern 49-63,"3,367",2023-11-23
"Kansas City, Missouri",Oak Meyer Gardens,"1,156",2023-11-23
"Kansas City, Missouri",Vineyard Northwest,814,2023-11-23
"Kansas City, Missouri",Oak Park Southwest,"1,943",2023-11-23
"Kansas City, Missouri",Self Help Neighborhood Council,"1,502",2023-11-23
"Kansas City, Missouri",Palestine East,995,2023-11-23
"Kansas City, Missouri",Sarritt Point,"4,993",2023-11-23
"Kansas City, Missouri",Northest Industrial District,366,2023-11-23
"Kansas City, Missouri",Eastwood Hill East,"3,632",2023-11-23
"Kansas City, Missouri",Ivanhoe Northeast,885,2023-11-23
"Kansas City, Missouri",South Hyde Park,"2,179",2023-11-23
"Kansas City, Missouri",Romanelli West,745,2023-11-23
"Kansas City, Missouri",Highview Estates,"1,864",2023-11-23
"Kansas City, Missouri",Oak Park Northwest,"2,652",2023-11-23
"Kansas City, Missouri",West Waldo,"1,325",2023-11-23
"Kansas City, Missouri",Armour Hills,"2,316",2023-11-23
"Kansas City, Missouri",Ward Parkway,"3,483",2023-11-23
"Kansas City, Missouri",North India Mound,"5,311",2023-11-23
"Kansas City, Missouri",Knoches Park,"1,573",2023-11-23
"Kansas City, Missouri",Legacy East,"1,002",2023-11-23
"Kansas City, Missouri",Ruskin Hills,"2,703",2023-11-23
"Kansas City, Missouri",North Town Fork Creek,"3,050",2023-11-23
"Kansas City, Missouri",Westside South,"1,244",2023-11-23
"Kansas City, Missouri",Western 49-63,"3,739",2023-11-23
"Kansas City, Missouri",Hickman Mills,"3,578",2023-11-23
"Kansas City, Missouri",Little Blue Valley,"3,613",2023-11-23
"Kansas City, Missouri",Lewis Heights,808,2023-11-23
"Las Vegas, Nevada",Tule Springs,"18,805",2023-11-23
"Las Vegas, Nevada",East Las Vegas,"32,866",2023-11-23
"Las Vegas, Nevada",Sheep Mountain,"18,928",2023-11-23
"Las Vegas, Nevada",Rancho Charleston,"36,965",2023-11-23
"Las Vegas, Nevada",Downtown East,"9,402",2023-11-23
"Las Vegas, Nevada",Cultural Corridor,"15,689",2023-11-23
"Las Vegas, Nevada",Las Vegas Wash,88,2023-11-23
"Las Vegas, Nevada",Lone Mountain,"51,007",2023-11-23
"Las Vegas, Nevada",Centennial Hills,"52,160",2023-11-23
"Las Vegas, Nevada",North Cheyenne,"39,277",2023-11-23
"Las Vegas, Nevada",Michael Way,"50,535",2023-11-23
"Las Vegas, Nevada",Desert Shores,"14,864",2023-11-23
"Las Vegas, Nevada",Downtown,"11,953",2023-11-23
"Las Vegas, Nevada",Meadows Village,"2,660",2023-11-23
"Las Vegas, Nevada",Kyle Canyon,"11,372",2023-11-23
"Las Vegas, Nevada",West Las Vegas,"21,234",2023-11-23
"Las Vegas, Nevada",Buffalo,"17,158",2023-11-23
"Las Vegas, Nevada",Sunrise,"18,730",2023-11-23
"Las Vegas, Nevada",Twin Lakes,"10,944",2023-11-23
"Las Vegas, Nevada",Huntridge,"16,220",2023-11-23
"Las Vegas, Nevada",The Lakes,"30,234",2023-11-23
"Las Vegas, Nevada",Summerlin North,"50,072",2023-11-23
"Long Beach, California",Los Cerritos Area,"4,475",2023-11-23
"Long Beach, California",The Plaza,"20,182",2023-11-23
"Long Beach, California",State College Area,"5,118",2023-11-23
"Long Beach, California",Carroll Park,564,2023-11-23
"Long Beach, California",Willmore City,"12,289",2023-11-23
"Long Beach, California",West Side,"28,825",2023-11-23
"Long Beach, California",Lakewood Village,"7,819",2023-11-23
"Long Beach, California",Peninsula,"1,448",2023-11-23
"Long Beach, California",Los Altos,"9,613",2023-11-23
"Long Beach, California",Downtown,"12,322",2023-11-23
"Long Beach, California",Bluff Heights,"5,238",2023-11-23
"Long Beach, California",Airport Area,347,2023-11-23
"Long Beach, California",Bixby Area,"13,654",2023-11-23
"Long Beach, California",Marina Area,"3,689",2023-11-23
"Long Beach, California",Dominguez,3,2023-11-23
"Long Beach, California",California Heights,"7,294",2023-11-23
"Long Beach, California",Rancho Estates,"2,010",2023-11-23
"Long Beach, California",North Long Beach,"92,085",2023-11-23
"Long Beach, California",Belmont Heights,"13,432",2023-11-23
"Long Beach, California",East Village,"11,575",2023-11-23
"Long Beach, California",Bixby Hill,"1,277",2023-11-23
"Long Beach, California",University Park Estates,"2,946",2023-11-23
"Long Beach, California",Saint Mary's,"3,850",2023-11-23
"Long Beach, California",Belmont Park,"1,282",2023-11-23
"Long Beach, California",Zaferia,"14,389",2023-11-23
"Long Beach, California",Hellman,"20,304",2023-11-23
"Long Beach, California",East Side,"14,565",2023-11-23
"Long Beach, California",Park Estates,"3,002",2023-11-23
"Long Beach, California",El Dorado Park Estates,"4,032",2023-11-23
"Los Angeles, California",Highland Park,"52,869",2023-11-23
"Los Angeles, California",Playa Vista,"5,453",2023-11-23
"Los Angeles, California",University Hills,"5,093",2023-11-23
"Los Angeles, California",North Hills,"54,953",2023-11-23
"Los Angeles, California",Mar Vista,"39,481",2023-11-23
"Los Angeles, California",Valley Glen,"55,116",2023-11-23
"Los Angeles, California",Pacoima,"76,453",2023-11-23
"Los Angeles, California",Mid City,"83,499",2023-11-23
"Los Angeles, California",Sun Valley,"86,235",2023-11-23
"Los Angeles, California",Mission Hills,"20,692",2023-11-23
"Los Angeles, California",Venice,"36,898",2023-11-23
"Los Angeles, California",Glendale,10,2023-11-23
"Los Angeles, California",Winnetka,"47,844",2023-11-23
"Los Angeles, California",Reseda,"65,054",2023-11-23
"Los Angeles, California",Mount Washington,"17,349",2023-11-23
"Los Angeles, California",Encino,"46,347",2023-11-23
"Los Angeles, California",Tarzana,"36,834",2023-11-23
"Los Angeles, California",Westwood,"52,102",2023-11-23
"Los Angeles, California",Canoga Park,"51,772",2023-11-23
"Los Angeles, California",Southeast Los Angeles,"182,547",2023-11-23
"Memphis, Tennessee",Hickory Ridge-South Riverdale,"61,338",2023-11-23
"Memphis, Tennessee",Shelby Forest-Frayser,"36,341",2023-11-23
"Memphis, Tennessee",Raleigh,"56,486",2023-11-23
"Memphis, Tennessee",White Haven-Coro Lake,"87,528",2023-11-23
"Memphis, Tennessee",Berclair-Highland Heights,"35,884",2023-11-23
"Memphis, Tennessee",Midtown,"64,672",2023-11-23
"Memphis, Tennessee",Cordova-Appling,"68,779",2023-11-23
"Memphis, Tennessee",East Memphis-Colonial-Yorkshire,"106,628",2023-11-23
"Memphis, Tennessee",River Oaks-Kirby-Balmoral,"40,159",2023-11-23
"Memphis, Tennessee",Eads-Fisherville,"3,704",2023-11-23
"Memphis, Tennessee",Parkway Village-Oakhaven,"40,294",2023-11-23
"Memphis, Tennessee",Windyke-Southwind,5,2023-11-23
"Memphis, Tennessee",Downtown,"55,891",2023-11-23
"Mesa, Arizona",Northpointe,"1,305",2023-11-23
"Mesa, Arizona",Casa Mia,792,2023-11-23
"Mesa, Arizona",Fiesta Park Village,"2,519",2023-11-23
"Mesa, Arizona",Northridge Manor,588,2023-11-23
"Mesa, Arizona",Moondance,169,2023-11-23
"Mesa, Arizona",Stoneybrook,874,2023-11-23
"Mesa, Arizona",Augusta Ranch,"5,715",2023-11-23
"Mesa, Arizona",Stonecrest,569,2023-11-23
"Mesa, Arizona",Mira Mesa,761,2023-11-23
"Mesa, Arizona",Rancho del Mar,"1,139",2023-11-23
"Mesa, Arizona",Alta Mesa,"6,150",2023-11-23
"Mesa, Arizona",Meridian Pointe,"1,457",2023-11-23
"Mesa, Arizona",Lehi,"1,644",2023-11-23
"Mesa, Arizona",Village Park Four,495,2023-11-23
"Mesa, Arizona",Villages of Eastridge,"2,866",2023-11-23
"Mesa, Arizona",Sierra Heights,344,2023-11-23
"Mesa, Arizona",Signal Butte Manor,787,2023-11-23
"Mesa, Arizona",Sundance Homes,504,2023-11-23
"Mesa, Arizona",Garden Hills,340,2023-11-23
"Mesa, Arizona",Reed Park,"11,641",2023-11-23
"Mesa, Arizona",Sunland Springs Village,"2,479",2023-11-23
"Mesa, Arizona",Hohokam Village,"1,031",2023-11-23
"Mesa, Arizona",Pacific Palms,353,2023-11-23
"Mesa, Arizona",Summit,"1,256",2023-11-23
"Mesa, Arizona",Boulder Mountain,936,2023-11-23
"Mesa, Arizona",Suntrails III,352,2023-11-23
"Mesa, Arizona",Marlborough Mesa,"1,465",2023-11-23
"Mesa, Arizona",El Mirage,293,2023-11-23
"Mesa, Arizona",Powell Estates,"1,545",2023-11-23
"Miami, Florida",Coral Way,"39,233",2023-11-23
"Miami, Florida",Upper Eastside,"12,863",2023-11-23
"Miami, Florida",Alameda - West Flagler,"45,896",2023-11-23
"Miami, Florida",Overtown,"10,004",2023-11-23
"Miami, Florida",Allapattah,"41,571",2023-11-23
"Miami, Florida",Little Havana,"53,431",2023-11-23
"Miami, Florida",Fair Isle,608,2023-11-23
"Miami, Florida",Biscayne Island,486,2023-11-23
"Miami, Florida",Flagami,"52,238",2023-11-23
"Miami, Florida",North-East Coconut Grove,"10,617",2023-11-23
"Miami, Florida",Shenandoah,"11,847",2023-11-23
"Miami, Florida",Wynwood - Edgewater,"19,796",2023-11-23
"Miami, Florida",Brickell,"27,776",2023-11-23
"Miami, Florida",Little Haiti,"28,346",2023-11-23
"Miami, Florida",San Marco Island,132,2023-11-23
"Miami, Florida",South-West Coconut Grove,"8,121",2023-11-23
"Miami, Florida",Downtown,"13,762",2023-11-23
"Miami, Florida",Liberty City,"22,749",2023-11-23
"Milwaukee, Wisconsin",Holler Park,531,2023-11-23
"Milwaukee, Wisconsin",Wedgewood,"1,539",2023-11-23
"Milwaukee, Wisconsin",Menomonee River Valley,106,2023-11-23
"Milwaukee, Wisconsin",Haymarket,157,2023-11-23
"Milwaukee, Wisconsin",Murray Hill,"5,881",2023-11-23
"Milwaukee, Wisconsin",Avenues West,"9,123",2023-11-23
"Milwaukee, Wisconsin",Washington Park,"4,887",2023-11-23
"Milwaukee, Wisconsin",Pheasant Run,"1,673",2023-11-23
"Milwaukee, Wisconsin",Buchel Park,36,2023-11-23
"Milwaukee, Wisconsin",Lincoln Village,"13,249",2023-11-23
"Milwaukee, Wisconsin",Hampton Heights,"7,148",2023-11-23
"Milwaukee, Wisconsin",St. Amelian's,"1,762",2023-11-23
"Milwaukee, Wisconsin",Cannon Park,"2,286",2023-11-23
"Milwaukee, Wisconsin",White Manor,"1,762",2023-11-23
"Milwaukee, Wisconsin",Brewer's Hill,"2,323",2023-11-23
"Milwaukee, Wisconsin",Bluemound Heights,"3,195",2023-11-23
"Milwaukee, Wisconsin",Hawthorne Glen,351,2023-11-23
"Milwaukee, Wisconsin",Granville Station,922,2023-11-23
"Milwaukee, Wisconsin",Baran Park,359,2023-11-23
"Milwaukee, Wisconsin",Sherman Park,"7,358",2023-11-23
"Milwaukee, Wisconsin",Fernwood,"3,003",2023-11-23
"Milwaukee, Wisconsin",Havenwoods,460,2023-11-23
"Milwaukee, Wisconsin",Dretzka Park,"1,135",2023-11-23
"Milwaukee, Wisconsin",Muskego Way,"11,945",2023-11-23
"Milwaukee, Wisconsin",Timmerman Airport,408,2023-11-23
"Milwaukee, Wisconsin",Copernicus Park,"1,354",2023-11-23
"Milwaukee, Wisconsin",Ridgeview,308,2023-11-23
"Milwaukee, Wisconsin",Grover Heights,327,2023-11-23
"Milwaukee, Wisconsin",Mount Olivet,362,2023-11-23
"Minneapolis, Minnesota",Willard Hay,"8,611",2023-11-23
"Minneapolis, Minnesota",Harrison,"3,197",2023-11-23
"Minneapolis, Minnesota",Longfellow,"4,901",2023-11-23
"Minneapolis, Minnesota",East Harriet,"3,604",2023-11-23
"Minneapolis, Minnesota",Standish,"6,527",2023-11-23
"Minneapolis, Minnesota",Whittier,"13,689",2023-11-23
"Minneapolis, Minnesota",Cooper,"3,505",2023-11-23
"Minneapolis, Minnesota",East Calhoun,"2,457",2023-11-23
"Minneapolis, Minnesota",Keewaydin,"3,096",2023-11-23
"Minneapolis, Minnesota",Columbia Park,"1,563",2023-11-23
"Minneapolis, Minnesota",St Anthony East,"2,038",2023-11-23
"Minneapolis, Minnesota",Beltrami,"1,248",2023-11-23
"Minneapolis, Minnesota",Waite Park,"5,244",2023-11-23
"Minneapolis, Minnesota",Southeast Como,"6,265",2023-11-23
"Minneapolis, Minnesota",Loring Park,"7,873",2023-11-23
"Minneapolis, Minnesota",Lowry Hill East,"6,150",2023-11-23
"Minneapolis, Minnesota",Ericsson,"3,192",2023-11-23
"Minneapolis, Minnesota",Cedar-Riverside,"8,125",2023-11-23
"Minneapolis, Minnesota",Hale,"3,176",2023-11-23
"Minneapolis, Minnesota",Victory,"4,580",2023-11-23
"Minneapolis, Minnesota",Jordan,"7,720",2023-11-23
"Minneapolis, Minnesota",Corcoran,"3,942",2023-11-23
"Minneapolis, Minnesota",Bryant,"2,833",2023-11-23
"Minneapolis, Minnesota",Lind-Bohanon,"4,569",2023-11-23
"Minneapolis, Minnesota",Prospect Park,"7,457",2023-11-23
"Minneapolis, Minnesota",Marshall Terrace,"1,381",2023-11-23
"Minneapolis, Minnesota",Windom,"4,980",2023-11-23
"Minneapolis, Minnesota",Cedar-Isles-Dean,"2,925",2023-11-23
"Minneapolis, Minnesota",Northrup,"4,369",2023-11-23
"New York, New York",Auburndale,"26,511",2023-11-23
"New York, New York",Rikers Island,"11,091",2023-11-23
"New York, New York",Turtle Bay,"19,836",2023-11-23
"New York, New York",College Point,"26,128",2023-11-23
"New York, New York",Rosebank,"12,180",2023-11-23
"New York, New York",Oakwood,"12,882",2023-11-23
"New York, New York",St. Albans,"34,396",2023-11-23
"New York, New York",Eltingville,"23,684",2023-11-23
"New York, New York",Rosedale,"26,530",2023-11-23
"New York, New York",Fordham,"48,607",2023-11-23
"New York, New York",Westerleigh,"5,187",2023-11-23
"New York, New York",Jamaica Hills,"12,685",2023-11-23
"New York, New York",Woodlawn,"7,356",2023-11-23
"New York, New York",Tremont,"54,748",2023-11-23
"New York, New York",Stuyvesant Town,"16,538",2023-11-23
"New York, New York",Rossville,"10,801",2023-11-23
"New York, New York",Jamaica Estates,"13,246",2023-11-23
"New York, New York",Midwood,"62,741",2023-11-23
"New York, New York",Hillcrest,"13,904",2023-11-23
"New York, New York",Chelsea-Travis,"2,953",2023-11-23
"New York, New York",Kew Gardens Hills,"41,752",2023-11-23
"New York, New York",South Beach,"7,710",2023-11-23
"New York, New York",High Bridge,"38,355",2023-11-23
"New York, New York",Stapleton,"11,499",2023-11-23
"New York, New York",Pelham Bay Park,"1,219",2023-11-23
"New York, New York",Murray Hill,"11,188",2023-11-23
"New York, New York",Bedford Park,"51,237",2023-11-23
"New York, New York",University Heights,"52,422",2023-11-23
"New York, New York",Mill Basin,"11,385",2023-11-23
"New York, New York",Fort Greene,"33,593",2023-11-23
"Oakland, California",South Stonehurst,831,2023-11-23
"Oakland, California",Highland,"2,507",2023-11-23
"Oakland, California",Oak Tree,"4,922",2023-11-23
"Oakland, California",Las Palmas,"2,318",2023-11-23
"Oakland, California",Northgate,"1,825",2023-11-23
"Oakland, California",Longfellow,"6,127",2023-11-23
"Oakland, California",Lockwood Tevis,"2,632",2023-11-23
"Oakland, California",Adams Point,"8,310",2023-11-23
"Oakland, California",Golden Gate,"1,875",2023-11-23
"Oakland, California",Clinton,"7,692",2023-11-23
"Oakland, California",Jefferson,"3,718",2023-11-23
"Oakland, California",Oakland Army Base,111,2023-11-23
"Oakland, California",Hawthorne,"2,062",2023-11-23
"Oakland, California",Joaquin Miller Park,305,2023-11-23
"Oakland, California",Upper Rockridge,"6,157",2023-11-23
"Oakland, California",Paradise Park,"2,461",2023-11-23
"Oakland, California",Durant Manor,"1,847",2023-11-23
"Oakland, California",Oak Center,"3,273",2023-11-23
"Oakland, California",Ivy Hill,"3,472",2023-11-23
"Oakland, California",Montclair Business,110,2023-11-23
"Oakland, California",Oakland Airport,90,2023-11-23
"Oakland, California",Woodminster,"1,031",2023-11-23
"Oakland, California",Hiller Highlands,541,2023-11-23
"Oakland, California",Piedmont Avenue,"6,506",2023-11-23
"Oakland, California",Upper Dimond,"6,470",2023-11-23
"Oakland, California",Bushrod,"6,297",2023-11-23
"Oakland, California",Fairfax,"2,173",2023-11-23
"Oakland, California",Dimond,"1,799",2023-11-23
"Oakland, California",Havenscourt,"6,679",2023-11-23
"Oakland, California",Skyline - Hillcrest Estates,"1,269",2023-11-23
"Oklahoma City, Oklahoma",Capitol Hill,"2,334",2023-11-23
"Oklahoma City, Oklahoma",Classen Ten Penn,"3,573",2023-11-23
"Oklahoma City, Oklahoma",Meridian Avenue Corridor,"37,642",2023-11-23
"Oklahoma City, Oklahoma",I-240 Corridor,"36,173",2023-11-23
"Oklahoma City, Oklahoma",Crown Heights,"2,014",2023-11-23
"Oklahoma City, Oklahoma",Flatiron District,50,2023-11-23
"Oklahoma City, Oklahoma",Heritage Hills,"1,585",2023-11-23
"Oklahoma City, Oklahoma",Gatewood UCD,"2,700",2023-11-23
"Oklahoma City, Oklahoma",Mesta Park,"1,585",2023-11-23
"Oklahoma City, Oklahoma",Edgemere Heights,"2,278",2023-11-23
"Oklahoma City, Oklahoma",Cottage District,934,2023-11-23
"Oklahoma City, Oklahoma",Northwest 39th Street Enclave,"3,227",2023-11-23
"Oklahoma City, Oklahoma",Paseo Arts District,"3,446",2023-11-23
"Oklahoma City, Oklahoma",Belle Isle,"7,627",2023-11-23
"Oklahoma City, Oklahoma",Deep Deuce,432,2023-11-23
"Oklahoma City, Oklahoma",Film Row,948,2023-11-23
"Oklahoma City, Oklahoma",Automobile Alley,258,2023-11-23
"Oklahoma City, Oklahoma",Arts District,898,2023-11-23
"Oklahoma City, Oklahoma",Stockyards City,"3,702",2023-11-23
"Oklahoma City, Oklahoma",Asia District,"6,113",2023-11-23
"Oklahoma City, Oklahoma",Adventure District,"5,260",2023-11-23
"Oklahoma City, Oklahoma",Lincoln Terrace,"2,313",2023-11-23
"Oklahoma City, Oklahoma",Central Business District,111,2023-11-23
"Oklahoma City, Oklahoma",Bricktown,2,2023-11-23
"Oklahoma City, Oklahoma",Capitol Campus,"1,909",2023-11-23
"Oklahoma City, Oklahoma",Mayfair,"4,963",2023-11-23
"Omaha, Nebraska",Elkhorn,"18,445",2023-11-23
"Philadelphia, Pennsylvania",Wissahickon Hills,"1,088",2023-11-23
"Philadelphia, Pennsylvania",University City,"17,578",2023-11-23
"Philadelphia, Pennsylvania",Wissinoming,"21,445",2023-11-23
"Philadelphia, Pennsylvania",Logan,"21,926",2023-11-23
"Philadelphia, Pennsylvania",Dickinson Narrows,"6,876",2023-11-23
"Philadelphia, Pennsylvania",Germantown Morton,"6,338",2023-11-23
"Philadelphia, Pennsylvania",Ludlow,"2,060",2023-11-23
"Philadelphia, Pennsylvania",Grays Ferry,"14,838",2023-11-23
"Philadelphia, Pennsylvania",North Central,"15,445",2023-11-23
"Philadelphia, Pennsylvania",Franklin Mills,1,2023-11-23
"Philadelphia, Pennsylvania",Mantua,"6,829",2023-11-23
"Philadelphia, Pennsylvania",Andorra,"2,619",2023-11-23
"Philadelphia, Pennsylvania",Upper Roxborough,"10,735",2023-11-23
"Philadelphia, Pennsylvania",East Passyunk,"9,381",2023-11-23
"Philadelphia, Pennsylvania",Lawndale,"24,134",2023-11-23
"Philadelphia, Pennsylvania",Bustleton,"32,655",2023-11-23
"Philadelphia, Pennsylvania",Callow Hill,"1,726",2023-11-23
"Philadelphia, Pennsylvania",Lower Moyamensing,"16,481",2023-11-23
"Philadelphia, Pennsylvania",West Poplar,"4,450",2023-11-23
"Philadelphia, Pennsylvania",Spring Garden,"7,048",2023-11-23
"Philadelphia, Pennsylvania",Dunlap,"2,236",2023-11-23
"Philadelphia, Pennsylvania",West Torresdale,185,2023-11-23
"Philadelphia, Pennsylvania",Woodland Terrace,"1,576",2023-11-23
"Philadelphia, Pennsylvania",Roxborough Park,"1,137",2023-11-23
"Philadelphia, Pennsylvania",Society Hill,"6,077",2023-11-23
"Philadelphia, Pennsylvania",Mount Airy West,"12,635",2023-11-23
"Philadelphia, Pennsylvania",Garden Court,"2,902",2023-11-23
"Philadelphia, Pennsylvania",West Park,105,2023-11-23
"Philadelphia, Pennsylvania",Hawthorne,"2,377",2023-11-23
"Phoenix, Arizona",Rio Vista,"3,343",2023-11-23
"Phoenix, Arizona",Central City,"56,543",2023-11-23
"Phoenix, Arizona",Camelback East,"134,937",2023-11-23
"Phoenix, Arizona",Encanto,"54,523",2023-11-23
"Phoenix, Arizona",Estrella,"81,107",2023-11-23
"Phoenix, Arizona",Alhambra,"128,662",2023-11-23
"Phoenix, Arizona",Laveen,"48,021",2023-11-23
"Phoenix, Arizona",Maryvale,"204,435",2023-11-23
"Phoenix, Arizona",Ahwatukee Foothills,"77,288",2023-11-23
"Phoenix, Arizona",Paradise Valley,"166,927",2023-11-23
"Phoenix, Arizona",Deer Valley,"165,719",2023-11-23
"Phoenix, Arizona",North Gateway,"15,471",2023-11-23
"Phoenix, Arizona",South Mountain,"111,315",2023-11-23
"Phoenix, Arizona",Desert View,"42,857",2023-11-23
"Phoenix, Arizona",North Mountain,"161,333",2023-11-23
"Portland, Oregon",Portsmouth,"9,789",2023-11-23
"Portland, Oregon",Portland International Airport,49,2023-11-23
"Portland, Oregon",Reed,"4,399",2023-11-23
"Portland, Oregon",Eliot,"3,556",2023-11-23
"Portland, Oregon",Kerns,"5,340",2023-11-23
"Portland, Oregon",Marshall Park,"1,133",2023-11-23
"Portland, Oregon",Markham,"2,248",2023-11-23
"Portland, Oregon",Hazelwood,"23,373",2023-11-23
"Portland, Oregon",Pleasant Valley,"12,000",2023-11-23
"Portland, Oregon",Madison South,"7,130",2023-11-23
"Portland, Oregon",Healy Heights,203,2023-11-23
"Portland, Oregon",Parkrose Heights,"6,119",2023-11-23
"Portland, Oregon",Woodland Park,176,2023-11-23
"Portland, Oregon",Ashcreek,"5,481",2023-11-23
"Portland, Oregon",Powellhurst Gilbert,"25,119",2023-11-23
"Portland, Oregon",Bridlemile,"4,367",2023-11-23
"Portland, Oregon",East Columbia,"1,748",2023-11-23
"Portland, Oregon",Richmond,"11,563",2023-11-23
"Portland, Oregon",Eastmoreland,"4,056",2023-11-23
"Portland, Oregon",Glenfair,"3,573",2023-11-23
"Portland, Oregon",Brentwood-Darlington,"12,912",2023-11-23
"Portland, Oregon",Corbett-Terwilliger-Lair Hill,"6,631",2023-11-23
"Portland, Oregon",Forest Highlands,119,2023-11-23
"Portland, Oregon",Crestwood,"1,449",2023-11-23
"Portland, Oregon",Overlook,"6,085",2023-11-23
"Portland, Oregon",Boise,"3,298",2023-11-23
"Portland, Oregon",Southwest Hills,"5,849",2023-11-23
"Portland, Oregon",Alameda,"5,183",2023-11-23
"Raleigh, North Carolina",Southeast Raleigh,"21,256",2023-11-23
"Raleigh, North Carolina",Southwest Raleigh,"18,928",2023-11-23
"Raleigh, North Carolina",Northeast Raleigh,"68,540",2023-11-23
"Raleigh, North Carolina",Central,"6,534",2023-11-23
"Raleigh, North Carolina",Five Points,"8,665",2023-11-23
"Raleigh, North Carolina",Glenwood,"7,621",2023-11-23
"Raleigh, North Carolina",Six Forks,"9,160",2023-11-23
"Raleigh, North Carolina",South Central,"7,479",2023-11-23
"Raleigh, North Carolina",North Central,"4,760",2023-11-23
"Raleigh, North Carolina",East Raleigh,"11,059",2023-11-23
"Raleigh, North Carolina",South Raleigh,"16,403",2023-11-23
"Raleigh, North Carolina",Falls of Neuse,"9,307",2023-11-23
"Raleigh, North Carolina",Hillsborough,"12,424",2023-11-23
"Raleigh, North Carolina",Northwest Raleigh,"71,681",2023-11-23
"Raleigh, North Carolina",North Raleigh,"78,861",2023-11-23
"Raleigh, North Carolina",Wade,"9,923",2023-11-23
"Raleigh, North Carolina",West Raleigh,"32,870",2023-11-23
"Raleigh, North Carolina",Mordecai,"3,099",2023-11-23
"Sacramento, California",Richardson Village,"1,139",2023-11-23
"Sacramento, California",Creekside,"3,402",2023-11-23
"Sacramento, California",Westlake,"3,311",2023-11-23
"Sacramento, California",Gardenland,"3,821",2023-11-23
"Sacramento, California",Valleyview Acres,109,2023-11-23
"Sacramento, California",Colonial Village,"3,568",2023-11-23
"Sacramento, California",CSUS,"1,507",2023-11-23
"Sacramento, California",Boulevard Park,"2,891",2023-11-23
"Sacramento, California",Del Paso Heights,"4,364",2023-11-23
"Sacramento, California",Tahoe Park South,"2,017",2023-11-23
"Sacramento, California",Golf Course Terrace,"4,305",2023-11-23
"Sacramento, California",Pell-Main Industrial Park,802,2023-11-23
"Sacramento, California",Southeast Village,"5,331",2023-11-23
"Sacramento, California",Wills Acres,"1,886",2023-11-23
"Sacramento, California",Old North Sacramento,"4,495",2023-11-23
"Sacramento, California",Gateway West,"8,036",2023-11-23
"Sacramento, California",Midtown - Winn Park Capital Avenue,"6,361",2023-11-23
"Sacramento, California",College-Glen,"8,584",2023-11-23
"Sacramento, California",Natomas Crossing,"3,165",2023-11-23
"Sacramento, California",Sierra Oaks,"1,651",2023-11-23
"Sacramento, California",Glenwood Meadows,"4,393",2023-11-23
"Sacramento, California",South American River Industrial Park,982,2023-11-23
"Sacramento, California",Mansion Flats,"1,743",2023-11-23
"Sacramento, California",Woodbine,"3,424",2023-11-23
"Sacramento, California",North City Farms,"3,371",2023-11-23
"Sacramento, California",Noralto,"3,376",2023-11-23
"Sacramento, California",Village 2,"4,888",2023-11-23
"Sacramento, California",Cal Expo,68,2023-11-23
"Sacramento, California",Village 12,"3,560",2023-11-23
"San Antonio, Texas",Bluffview at Camino Real,923,2023-11-23
"San Antonio, Texas",People Active in Community Effort,"21,649",2023-11-23
"San Antonio, Texas",Maverick Creek,579,2023-11-23
"San Antonio, Texas",The Champions Estates-Stone Oak,80,2023-11-23
"San Antonio, Texas",Hunters Chase II,"2,425",2023-11-23
"San Antonio, Texas",Beacon Hill,"5,591",2023-11-23
"San Antonio, Texas",Community Workers Council,"5,366",2023-11-23
"San Antonio, Texas",High Country,"3,161",2023-11-23
"San Antonio, Texas",Village in the Woods,207,2023-11-23
"San Antonio, Texas",Stone Valley,196,2023-11-23
"San Antonio, Texas",Sun Gate,"2,018",2023-11-23
"San Antonio, Texas",Artesia Community Guild,"1,430",2023-11-23
"San Antonio, Texas",Village at Rustic Oaks,27,2023-11-23
"San Antonio, Texas",Jefferson Heights,"2,824",2023-11-23
"San Antonio, Texas",Stone Wood,"1,259",2023-11-23
"San Antonio, Texas",Fieldstone,74,2023-11-23
"San Antonio, Texas",Regency Meadow,411,2023-11-23
"San Antonio, Texas",Shavano Garden Homes,"1,214",2023-11-23
"San Antonio, Texas",Towne Lake Garden,179,2023-11-23
"San Antonio, Texas",Promontory Pointe-Heights,"2,186",2023-11-23
"San Antonio, Texas",King William,"1,934",2023-11-23
"San Antonio, Texas",Forest Oak,178,2023-11-23
"San Antonio, Texas",Summit-Stone Oak,774,2023-11-23
"San Antonio, Texas",Perrin Park,134,2023-11-23
"San Antonio, Texas",Third World,"4,716",2023-11-23
"San Antonio, Texas",Roosevelt Park,"3,415",2023-11-23
"San Antonio, Texas",Nevada Street,"1,755",2023-11-23
"San Antonio, Texas",Owners Association of Lago Vista-South Southwest,"1,017",2023-11-23
"San Antonio, Texas",Mission Ridge,318,2023-11-23
"San Antonio, Texas",Mahncke Park,"4,033",2023-11-23
"San Diego, California",Pacific Beach,"29,964",2023-11-23
"San Diego, California",Burlingame,766,2023-11-23
"San Diego, California",Clairemont Mesa East,"26,734",2023-11-23
"San Diego, California",Grantville,"8,541",2023-11-23
"San Diego, California",Lake Murray,"16,319",2023-11-23
"San Diego, California",Park West,"8,285",2023-11-23
"San Diego, California",Miramar Ranch North,"14,607",2023-11-23
"San Diego, California",Fairmount Park,"2,942",2023-11-23
"San Diego, California",Otay Mesa West,"30,363",2023-11-23
"San Diego, California",La Playa,"2,785",2023-11-23
"San Diego, California",Sherman Heights,"3,355",2023-11-23
"San Diego, California",Sabre Springs,"11,256",2023-11-23
"San Diego, California",Mountain View,"15,502",2023-11-23
"San Diego, California",Azalea-Hollywood Park,"3,722",2023-11-23
"San Diego, California",Marina,"5,636",2023-11-23
"San Diego, California",Black Mountain Ranch,"6,778",2023-11-23
"San Diego, California",Golden Hill,"9,975",2023-11-23
"San Diego, California",Egger Highlands,"8,704",2023-11-23
"San Diego, California",Grant Hill,"4,539",2023-11-23
"San Diego, California",Carmel Mountain,"11,309",2023-11-23
"San Diego, California",San Carlos,"12,317",2023-11-23
"San Diego, California",Teralta East,"6,589",2023-11-23
"San Diego, California",Mission Beach,"4,751",2023-11-23
"San Diego, California",Adams North,"5,042",2023-11-23
"San Diego, California",Teralta West,"4,859",2023-11-23
"San Diego, California",Morena,"6,569",2023-11-23
"San Diego, California",Midtown,"4,354",2023-11-23
"San Diego, California",Torrey Pines,367,2023-11-23
"San Diego, California",Barrio Logan,"10,791",2023-11-23
"San Francisco, California",Glen Park,"7,619",2023-11-23
"San Francisco, California",Pine Lake Park,712,2023-11-23
"San Francisco, California",Midtown Terrace,"3,105",2023-11-23
"San Francisco, California",Sunnyside,"5,595",2023-11-23
"San Francisco, California",Pacific Heights,"18,917",2023-11-23
"San Francisco, California",Telegraph Hill,"7,999",2023-11-23
"San Francisco, California",North Panhandle,"10,440",2023-11-23
"San Francisco, California",Buena Vista Park,"2,641",2023-11-23
"San Francisco, California",Golden Gate Park,151,2023-11-23
"San Francisco, California",Inner Richmond,"17,086",2023-11-23
"San Francisco, California",Presidio Heights,"4,016",2023-11-23
"San Francisco, California",Downtown,"20,453",2023-11-23
"San Francisco, California",Jordan Park - Laurel Heights,"3,742",2023-11-23
"San Francisco, California",Visitacion Valley,"20,146",2023-11-23
"San Francisco, California",Outer Sunset,"16,134",2023-11-23
"San Francisco, California",Diamond Heights,"3,274",2023-11-23
"San Francisco, California",Balboa Terrace,930,2023-11-23
"San Francisco, California",Ingleside,"9,510",2023-11-23
"San Francisco, California",Financial District,"3,843",2023-11-23
"San Francisco, California",Lakeside,"1,482",2023-11-23
"San Francisco, California",Tenderloin,"22,776",2023-11-23
"San Francisco, California",Mount Davidson Manor,"2,040",2023-11-23
"San Francisco, California",Clarendon Heights,607,2023-11-23
"San Francisco, California",Hayes Valley,"13,740",2023-11-23
"San Francisco, California",Crocker Amazon,"13,161",2023-11-23
"San Francisco, California",Outer Mission,"10,899",2023-11-23
"San Francisco, California",South of Market,"24,608",2023-11-23
"San Francisco, California",Excelsior,"23,043",2023-11-23
"San Francisco, California",Ingleside Heights,"6,027",2023-11-23
"San Jose, California",Santa Teresa,"49,355",2023-11-23
"San Jose, California",East San Jose,"111,159",2023-11-23
"San Jose, California",Willow Glen,"73,270",2023-11-23
"San Jose, California",Downtown,"77,299",2023-11-23
"San Jose, California",North San Jose,"22,291",2023-11-23
"San Jose, California",Berryessa,"37,196",2023-11-23
"San Jose, California",Fairgrounds,"51,651",2023-11-23
"San Jose, California",Cambrian Park,"64,710",2023-11-23
"San Jose, California",White Oak,"6,061",2023-11-23
"San Jose, California",Evergreen,"84,598",2023-11-23
"San Jose, California",Alviso,24,2023-11-23
"San Jose, California",Alum Rock-East Foothills,"28,206",2023-11-23
"San Jose, California",North Valley,"75,316",2023-11-23
"San Jose, California",Edenvale - Seven Trees,"38,133",2023-11-23
"San Jose, California",West San Jose,"95,361",2023-11-23
"San Jose, California",Rose Garden,"12,698",2023-11-23
"San Jose, California",Almaden Valley,"48,440",2023-11-23
"San Jose, California",Blossom Valley,"67,500",2023-11-23
"Seattle, Washington",Denny Triangle,"3,082",2023-11-23
"Seattle, Washington",Maple Leaf,"10,939",2023-11-23
"Seattle, Washington",Northgate,"3,447",2023-11-23
"Seattle, Washington",Montlake,"4,446",2023-11-23
"Seattle, Washington",Jackson Place,"1,086",2023-11-23
"Seattle, Washington",Interbay,"1,686",2023-11-23
"Seattle, Washington",Olympic Manor,"2,276",2023-11-23
"Seattle, Washington",Olympic Hills,"8,056",2023-11-23
"Seattle, Washington",Laurelhurst,"4,880",2023-11-23
"Seattle, Washington",Matthews Beach,"6,330",2023-11-23
"Seattle, Washington",Industrial District,373,2023-11-23
"Seattle, Washington",Fairmount Park,"5,380",2023-11-23
"Seattle, Washington",University District,"27,006",2023-11-23
"Seattle, Washington",Genesee,"3,484",2023-11-23
"Seattle, Washington",Pioneer Square,931,2023-11-23
"Seattle, Washington",Leschi,"5,453",2023-11-23
"Seattle, Washington",Gatewood,"6,386",2023-11-23
"Seattle, Washington",Loyal Heights,"7,960",2023-11-23
"Seattle, Washington",Beacon Hill,"13,385",2023-11-23
"Seattle, Washington",Holly Park,"4,751",2023-11-23
"Seattle, Washington",Minor,"8,151",2023-11-23
"Seattle, Washington",Waterfront,308,2023-11-23
"Seattle, Washington",South Park,"3,873",2023-11-23
"Seattle, Washington",Yesler Terrace,"1,721",2023-11-23
"Seattle, Washington",North Beach,"2,454",2023-11-23
"Seattle, Washington",Ballard,"10,121",2023-11-23
"Seattle, Washington",Columbia City,"7,989",2023-11-23
"Seattle, Washington",North Beacon Hill,"11,089",2023-11-23
"Seattle, Washington",West Woodland,"6,884",2023-11-23
"Seattle, Washington",Bryant,"5,223",2023-11-23
"Tucson, Arizona",Rosemont East,213,2023-11-23
"Tucson, Arizona",Catalina Vista,704,2023-11-23
"Tucson, Arizona",Samos,"1,038",2023-11-23
"Tucson, Arizona",Amphi,"7,461",2023-11-23
"Tucson, Arizona",Dietz,"7,375",2023-11-23
"Tucson, Arizona",Rancho Perdido Estates,66,2023-11-23
"Tucson, Arizona",Broadway Pantano East,"5,323",2023-11-23
"Tucson, Arizona",San Ignacio Yaqui,591,2023-11-23
"Tucson, Arizona",Ironwood Ridge,153,2023-11-23
"Tucson, Arizona",Mountain View,"1,344",2023-11-23
"Tucson, Arizona",Prince Tucson,"1,909",2023-11-23
"Tucson, Arizona",Broadway-Northeast,677,2023-11-23
"Tucson, Arizona",Mortimore,"1,221",2023-11-23
"Tucson, Arizona",Parkway Terrace,213,2023-11-23
"Tucson, Arizona",Miracle Manor,"3,157",2023-11-23
"Tucson, Arizona",Shaheen Estates,548,2023-11-23
"Tucson, Arizona",Barrio Blue Moon,"1,004",2023-11-23
"Tucson, Arizona",Bravo Park Lane,"3,269",2023-11-23
"Tucson, Arizona",Groves Lincoln Park,"5,308",2023-11-23
"Tucson, Arizona",Las Vistas,"3,213",2023-11-23
"Tucson, Arizona",Garden District,"6,555",2023-11-23
"Tucson, Arizona",Palo Verde,"5,508",2023-11-23
"Tucson, Arizona",Barrio Hollywood,"2,900",2023-11-23
"Tucson, Arizona",Feldman's,"2,394",2023-11-23
"Tucson, Arizona",Barrio San Antonio,333,2023-11-23
"Tucson, Arizona",Western Hills II,"1,011",2023-11-23
"Tucson, Arizona",Stella Mann,"4,404",2023-11-23
"Tucson, Arizona",North University,"1,884",2023-11-23
"Tulsa, Oklahoma",Columbus,"2,332",2023-11-23
"Tulsa, Oklahoma",Oak Hollow,64,2023-11-23
"Tulsa, Oklahoma",Executive Estates,20,2023-11-23
"Tulsa, Oklahoma",Turner Park,"3,662",2023-11-23
"Tulsa, Oklahoma",Kingsbury,113,2023-11-23
"Tulsa, Oklahoma",Brookside,"11,569",2023-11-23
"Tulsa, Oklahoma",Camelot Park,155,2023-11-23
"Tulsa, Oklahoma",Leisure Estates,81,2023-11-23
"Tulsa, Oklahoma",Cedar Ridge Park,"1,641",2023-11-23
"Tulsa, Oklahoma",Kensington,490,2023-11-23
"Tulsa, Oklahoma",Lynn Lane,"4,508",2023-11-23
"Tulsa, Oklahoma",Maxwell,"1,936",2023-11-23
"Tulsa, Oklahoma",North Evanston,745,2023-11-23
"Tulsa, Oklahoma",Eagle Ridge,67,2023-11-23
"Tulsa, Oklahoma",Heatherridge,268,2023-11-23
"Tulsa, Oklahoma",Rosewood,"2,069",2023-11-23
"Tulsa, Oklahoma",Mingo Valley,"1,902",2023-11-23
"Tulsa, Oklahoma",Sheridan Heights,188,2023-11-23
"Tulsa, Oklahoma",Timberlane Hills,212,2023-11-23
"Tulsa, Oklahoma",Florence Park South,501,2023-11-23
"Tulsa, Oklahoma",Fair Heights,"1,078",2023-11-23
"Tulsa, Oklahoma",Fieldstone,111,2023-11-23
"Tulsa, Oklahoma",Cherry Street,"2,204",2023-11-23
"Tulsa, Oklahoma",Southern Pointe,753,2023-11-23
"Tulsa, Oklahoma",Mayo Plaza,161,2023-11-23
"Tulsa, Oklahoma",Southfield,201,2023-11-23
"Tulsa, Oklahoma",West Highlands,"2,623",2023-11-23
"Tulsa, Oklahoma",Harvard Pointe,226,2023-11-23
"Tulsa, Oklahoma",Red Fork - Park Grove,"1,096",2023-11-23
"Tulsa, Oklahoma",South Creekside,903,2023-11-23
"Virginia Beach, Virginia",Chesapeake Beach,"7,169",2023-11-23
"Virginia Beach, Virginia",First Landing State Park,43,2023-11-23
"Virginia Beach, Virginia",Pembroke,"4,757",2023-11-23
"Virginia Beach, Virginia",Great Neck,"23,566",2023-11-23
"Virginia Beach, Virginia",The North End,"5,297",2023-11-23
"Virginia Beach, Virginia",Thalia,"11,765",2023-11-23
"Virginia Beach, Virginia",Acredale,"6,961",2023-11-23
"Virginia Beach, Virginia",Seatack,"15,735",2023-11-23
"Virginia Beach, Virginia",Croatan Beach,985,2023-11-23
"Virginia Beach, Virginia",Bay Colony,"1,639",2023-11-23
"Virginia Beach, Virginia",Thoroughgood,"6,960",2023-11-23
"Virginia Beach, Virginia",Dams Neck Naval Air Station,"1,042",2023-11-23
"Virginia Beach, Virginia",Princess Anne Plaza,"10,327",2023-11-23
"Virginia Beach, Virginia",US Navy Little Creek Amphibious Base,"3,364",2023-11-23
"Virginia Beach, Virginia",Kempsville,"53,212",2023-11-23
"Virginia Beach, Virginia",Linkhorn Park,"5,620",2023-11-23
"Virginia Beach, Virginia",Cape Story by the Sea,529,2023-11-23
"Virginia Beach, Virginia",Rudee Heights,471,2023-11-23
"Virginia Beach, Virginia",Naval Air Station Oceana,"2,306",2023-11-23
"Virginia Beach, Virginia",Fort Story,"1,091",2023-11-23
"Virginia Beach, Virginia",Bayside,"40,066",2023-11-23
"Virginia Beach, Virginia",Camp Pendleton,"2,180",2023-11-23
"Virginia Beach, Virginia",Mears Corner,"33,320",2023-11-23
"Virginia Beach, Virginia",Macons Corner,"3,790",2023-11-23
"Washington, District of Columbia",Langston,"3,309",2023-11-23
"Washington, District of Columbia",Woodridge,"4,152",2023-11-23
"Washington, District of Columbia",Barnaby Woods,"1,768",2023-11-23
"Washington, District of Columbia",Pleasant Hill,"1,615",2023-11-23
"Washington, District of Columbia",Kent,"2,229",2023-11-23
"Washington, District of Columbia",Anacostia,"4,876",2023-11-23
"Washington, District of Columbia",Berkley,"1,683",2023-11-23
"Washington, District of Columbia",Wakefield,"3,006",2023-11-23
"Washington, District of Columbia",River Terrace,"2,978",2023-11-23
"Washington, District of Columbia",Spring Valley,"5,561",2023-11-23
"Washington, District of Columbia",Twining,"1,485",2023-11-23
"Washington, District of Columbia",Deanwood,"5,804",2023-11-23
"Washington, District of Columbia",Penn Quarter,"1,622",2023-11-23
"Washington, District of Columbia",Pleasant Plains,717,2023-11-23
"Washington, District of Columbia",Civic Betterment,"1,417",2023-11-23
"Washington, District of Columbia",Lincoln Heights,"1,795",2023-11-23
"Washington, District of Columbia",The Palisades,"2,572",2023-11-23
"Washington, District of Columbia",Edgewood,"5,139",2023-11-23
"Washington, District of Columbia",Chinatown,"1,139",2023-11-23
"Washington, District of Columbia",Marshall Heights,"5,934",2023-11-23
"Washington, District of Columbia",Carver,"2,633",2023-11-23
"Washington, District of Columbia",Mahaning Heights,"1,566",2023-11-23
"Washington, District of Columbia",Colony Hill,80,2023-11-23
"Washington, District of Columbia",Mount Pleasant,"10,459",2023-11-23
"Washington, District of Columbia",Observatory Circle,842,2023-11-23
"Washington, District of Columbia",Near Northeast,"9,505",2023-11-23
"Washington, District of Columbia",Penn Branch,229,2023-11-23
"Washington, District of Columbia",McLean Gardens,"1,322",2023-11-23
"Washington, District of Columbia",Mount Vernon Square,"5,569",2023-11-23
"Washington, District of Columbia",Brightwood Park,"2,847",2023-11-23
"Wichita, Kansas",Comotara Mainsgate Villa,607,2023-11-23
"Wichita, Kansas",Meadowlark,"1,388",2023-11-23
"Wichita, Kansas",Schweiter,"1,054",2023-11-23
"Wichita, Kansas",College Hill,"4,893",2023-11-23
"Wichita, Kansas",Northwest Big River,"2,042",2023-11-23
"Wichita, Kansas",Fabrique,"2,744",2023-11-23
"Wichita, Kansas",Delano,"5,479",2023-11-23
"Wichita, Kansas",Mccormick,"2,863",2023-11-23
"Wichita, Kansas",Hilltop,"1,852",2023-11-23
"Wichita, Kansas",Orchard Breeze,"3,333",2023-11-23
"Wichita, Kansas",K-15,"1,888",2023-11-23
"Wichita, Kansas",Southwest Village,"5,597",2023-11-23
"Wichita, Kansas",Westlink,770,2023-11-23
"Wichita, Kansas",Courtland,692,2023-11-23
"Wichita, Kansas",Planeview United,"4,383",2023-11-23
"Wichita, Kansas",Maple Hills,251,2023-11-23
"Wichita, Kansas",Indian Hills,"1,881",2023-11-23
"Wichita, Kansas",Macdonald,552,2023-11-23
"Wichita, Kansas",Longview,458,2023-11-23
"Wichita, Kansas",Fairmount,"1,837",2023-11-23
"Wichita, Kansas",Crown Heights South,778,2023-11-23
"Wichita, Kansas",Stanley-Aley,"4,451",2023-11-23
"Wichita, Kansas",Lambsdale,234,2023-11-23
"Wichita, Kansas",Grandview Heights,"1,314",2023-11-23
"Wichita, Kansas",Hilltop - Jefferson,"1,802",2023-11-23
"Wichita, Kansas",Country Overlook,"1,904",2023-11-23
"Wichita, Kansas",La Placita Park,"2,755",2023-11-23
"Wichita, Kansas",Sunnyside,"1,509",2023-11-23
"Wichita, Kansas",Crown Heights,"1,148",2023-11-23
"Indianapolis, Indiana",Far Eastside,"60,385",2023-11-23
"Indianapolis, Indiana",Meridian Kessler,"8,588",2023-11-23
"Indianapolis, Indiana",South Perry,"21,774",2023-11-23
"Indianapolis, Indiana",Mars Hill,"14,556",2023-11-23
"Indianapolis, Indiana",Chapel Hill-Ben Davis,"32,236",2023-11-23
"Indianapolis, Indiana",West Indianapolis,"8,481",2023-11-23
"Indianapolis, Indiana",Airport,76,2023-11-23
"Indianapolis, Indiana",Garden City,"17,717",2023-11-23
"Indianapolis, Indiana",Snacks-Guion Creek,"27,694",2023-11-23
"Indianapolis, Indiana",Crooked Creek,"15,830",2023-11-23
"Indianapolis, Indiana",New Bethel,"1,430",2023-11-23
"Indianapolis, Indiana",Martindale-Brightwood,"12,096",2023-11-23
"Indianapolis, Indiana",Stout Field,"3,859",2023-11-23
"Indianapolis, Indiana",Maywood,204,2023-11-23
"Indianapolis, Indiana",Southeast,"6,480",2023-11-23
"Indianapolis, Indiana",College Corner,604,2023-11-23
"Indianapolis, Indiana",Five Points,"4,684",2023-11-23
"Indianapolis, Indiana",North Central,"2,656",2023-11-23
"Indianapolis, Indiana",Ameriplex,"3,209",2023-11-23
"Indianapolis, Indiana",Keystone at the Crossing,"2,209",2023-11-23
"Indianapolis, Indiana",West Newton,"2,149",2023-11-23
"Indianapolis, Indiana",Butler-Tarkington,"9,660",2023-11-23
"Indianapolis, Indiana",Key Meadows,"8,918",2023-11-23
"Indianapolis, Indiana",Near Eastside,"29,500",2023-11-23
"Indianapolis, Indiana",St Vincent-Greenbriar,"13,960",2023-11-23
"Indianapolis, Indiana",Southeast Warren,"8,193",2023-11-23
"Indianapolis, Indiana",Mapleton-Fall Creek,"11,300",2023-11-23
"Indianapolis, Indiana",Devonshire,"6,179",2023-11-23
"Indianapolis, Indiana",Poplar Grove,"4,363",2023-11-23
"Indianapolis, Indiana",Fairgrounds,"12,562",2023-11-23
"Louisville, Kentucky",Valley Station,"25,457",2023-11-23
"Louisville, Kentucky",Highview,"17,956",2023-11-23
"Louisville, Kentucky",Fern Creek,"19,071",2023-11-23
"Louisville, Kentucky",Okolona,"19,556",2023-11-23
"Nashville-Davidson, Tennessee",Carlyle Palce - Battlewood,352,2023-11-23
"Nashville-Davidson, Tennessee",River Park,35,2023-11-23
"Nashville-Davidson, Tennessee",Whites Bend,"3,638",2023-11-23
"Nashville-Davidson, Tennessee",Nashboro Woods,322,2023-11-23
"Nashville-Davidson, Tennessee",Heron Walk,"13,166",2023-11-23
"Nashville-Davidson, Tennessee",Battlefield,288,2023-11-23
"Nashville-Davidson, Tennessee",Magnolia Station,434,2023-11-23
"Nashville-Davidson, Tennessee",Georgetown Condos,115,2023-11-23
"Nashville-Davidson, Tennessee",Parkview,81,2023-11-23
"Nashville-Davidson, Tennessee",Parkway Terrace (MDHA),256,2023-11-23
"Nashville-Davidson, Tennessee",Greenwood,"1,487",2023-11-23
"Nashville-Davidson, Tennessee",Lone Oak Heights,56,2023-11-23
"Nashville-Davidson, Tennessee",Madison Park,"1,369",2023-11-23
"Nashville-Davidson, Tennessee",Sugartree,411,2023-11-23
"Nashville-Davidson, Tennessee",Wynbrook,50,2023-11-23
"Nashville-Davidson, Tennessee",Lipscomb Heights,176,2023-11-23
"Nashville-Davidson, Tennessee",Bordeaux,"2,645",2023-11-23
"Nashville-Davidson, Tennessee",Montogue,206,2023-11-23
"Nashville-Davidson, Tennessee",Hermitage Meadows,"2,409",2023-11-23
"Nashville-Davidson, Tennessee",Elmington Condos,26,2023-11-23
"Nashville-Davidson, Tennessee",Clairmont,490,2023-11-23
"Nashville-Davidson, Tennessee",Piccadilly Square,"1,986",2023-11-23
"Nashville-Davidson, Tennessee",Caldwell Court Condos,805,2023-11-23
"Nashville-Davidson, Tennessee",Four Seasons Condos,193,2023-11-23
"Nashville-Davidson, Tennessee",Woodside Lake Country Section 2,283,2023-11-23
"Nashville-Davidson, Tennessee",Woodlea Place,"1,204",2023-11-23
"Nashville-Davidson, Tennessee",Villages of Riverwood,71,2023-11-23
"Nashville-Davidson, Tennessee",Autumn Chase,13,2023-11-23
"Nashville-Davidson, Tennessee",Bells Bend,231,2023-11-23
"Nashville-Davidson, Tennessee",Kenmont Apts,3,2023-11-23
