location,neighborhoods,population,table_date,latitude,longitude
"Albuquerque, New Mexico",Sun North Estates,93,2023-11-23,35.1793054,-106.588609
"Albuquerque, New Mexico",Cherry Hills,842,2023-11-23,35.158915,-106.5480952
"Albuquerque, New Mexico",Alameda N Valley,5,2023-11-23,35.1844649,-106.6232359
"Albuquerque, New Mexico",West Mesa,4249,2023-11-23,35.0973728,-106.7037803
"Albuquerque, New Mexico",Jerry Cline Park,226,2023-11-23,35.0899809,-106.5628266
"Albuquerque, New Mexico",Hodgin,512,2023-11-23,35.1276751,-106.5953017
"Albuquerque, New Mexico",Greater Gardner,14,2023-11-23,35.1277413,-106.6416567
"Albuquerque, New Mexico",Cottonwood Heights,1411,2023-11-23,35.2029986,-106.6718702
"Albuquerque, New Mexico",West Bluff,1100,2023-11-23,35.1137289,-106.6984026
"Albuquerque, New Mexico",Carmel,24,2023-11-23,35.1762588,-106.5698244
"Albuquerque, New Mexico",Trumbull Village,174,2023-11-23,35.0693945,-106.5569339
"Albuquerque, New Mexico",Sandia Ridge,1110,2023-11-23,35.099233,-106.5922924
"Albuquerque, New Mexico",Boyds-Leslie Park,248,2023-11-23,35.1319069,-106.5738758
"Albuquerque, New Mexico",Sonora,50,2023-11-23,35.1820667,-106.5712976
"Albuquerque, New Mexico",Oso Grande,192,2023-11-23,35.1385511,-106.5215813
"Albuquerque, New Mexico",Alban Hills,795,2023-11-23,35.1685602,-106.67924
"Albuquerque, New Mexico",Alamosa,1370,2023-11-23,35.0743235,-106.702825
"Albuquerque, New Mexico",Broadway Central,573,2023-11-23,35.08316,-106.644857
"Albuquerque, New Mexico",Glenwood Hills,1157,2023-11-23,35.1323696,-106.4891799
"Albuquerque, New Mexico",Heritage East,918,2023-11-23,35.1670416,-106.5377839
"Albuquerque, New Mexico",Rio Grande Blvd,1475,2023-11-23,35.0941497,-106.6715314
"Albuquerque, New Mexico",South Guadalupe Trail,97,2023-11-23,35.1376993,-106.6563945
"Albuquerque, New Mexico",Winterwood Park,13,2023-11-23,35.0591292,-106.4913889
"Albuquerque, New Mexico",Seven Bar North,538,2023-11-23,35.2140993,-106.6689224
"Albuquerque, New Mexico",Fair Heights,448,2023-11-23,35.0901821,-106.5805056
"Albuquerque, New Mexico",Tanoan,1103,2023-11-23,35.1589307,-106.5352258
"Albuquerque, New Mexico",Wells Park,263,2023-11-23,35.1000557,-106.6511354
"Albuquerque, New Mexico",Onate,692,2023-11-23,35.1039711,-106.5009617
"Albuquerque, New Mexico",Glenwood Hills South Casa Grande,711,2023-11-23,35.1212575,-106.4921253
"Albuquerque, New Mexico",Parkway,164,2023-11-23,35.094507,-106.7369803
"Arlington, Texas",North,24309,2023-11-23,32.6662665,-97.13503
"Arlington, Texas",Southwest,8366,2023-11-23,32.6487679,-97.15804089999999
"Arlington, Texas",Central,1565,2023-11-23,32.7391075,-97.11443279999999
"Arlington, Texas",West,73036,2023-11-23,32.7159612,-97.16893499999999
"Arlington, Texas",East,88669,2023-11-23,32.710125,-97.08036010000001
"Arlington, Texas",Southeast,67500,2023-11-23,32.6448324,-97.1022478
"Atlanta, Georgia",Capitol View Manor,200,2023-11-23,33.7180387,-84.4021642
"Atlanta, Georgia",Englewood Manor,0,2023-11-23,33.682936,-84.4635038
"Atlanta, Georgia",Ben Hill Forest,62,2023-11-23,33.676531,-84.5018991
"Atlanta, Georgia",Beecher Hills,292,2023-11-23,33.7311741,-84.4618943
"Atlanta, Georgia",Fort McPherson,45,2023-11-23,33.7077085,-84.4356468
"Atlanta, Georgia",Ben Hill,884,2023-11-23,33.6906644,-84.51131939999999
"Atlanta, Georgia",Fairburn Mays,117,2023-11-23,33.7403015,-84.5104212
"Atlanta, Georgia",Tuxedo Park,910,2023-11-23,33.8508195,-84.3988806
"Atlanta, Georgia",English Park,58,2023-11-23,33.7930616,-84.4914087
"Atlanta, Georgia",Niskey Cove,1046,2023-11-23,33.7084655,-84.530738
"Atlanta, Georgia",Chastain Park,766,2023-11-23,33.8730719,-84.3988806
"Atlanta, Georgia",State Facility,127,2023-11-23,33.7223066,-84.3581483
"Atlanta, Georgia",Ashview Heights,715,2023-11-23,33.7515681,-84.41989269999999
"Atlanta, Georgia",Randall Mill,61,2023-11-23,33.8561218,-84.4238316
"Atlanta, Georgia",Lindridge - Martin Manor,4078,2023-11-23,33.8184435,-84.3516604
"Atlanta, Georgia",Betmar LaVilla,409,2023-11-23,33.7068352,-84.4008508
"Atlanta, Georgia",Florida Heights,1118,2023-11-23,33.7490052,-84.463515
"Atlanta, Georgia",Bankhead,1619,2023-11-23,33.7717269,-84.4192362
"Atlanta, Georgia",Marietta Street Artery,422,2023-11-23,33.772347,-84.4021642
"Atlanta, Georgia",Cross Creek,1866,2023-11-23,33.8171685,-84.4238316
"Atlanta, Georgia",The Villages at Carver,84,2023-11-23,33.712598,-84.3896854
"Atlanta, Georgia",Oakland,52,2023-11-23,33.7476649,-84.3798319
"Atlanta, Georgia",Oakcliff,37,2023-11-23,33.7592153,-84.4973098
"Atlanta, Georgia",Fairburn Road - Wisteria Lane,14,2023-11-23,33.7515594,-84.51304309999999
"Atlanta, Georgia",Midtown,6632,2023-11-23,33.783315,-84.3831166
"Atlanta, Georgia",Butner-Tell,90,2023-11-23,33.6827155,-84.53139320000001
"Atlanta, Georgia",Pittsburgh,2874,2023-11-23,33.7281143,-84.4031953
"Atlanta, Georgia",Audobon Forest West,114,2023-11-23,33.7257564,-84.4809164
"Austin, Texas",Cantarra,53,2023-11-23,30.3950843,-97.6188294
"Austin, Texas",MLK,2668,2023-11-23,30.2837453,-97.6961546
"Austin, Texas",North Shoal Creek,489,2023-11-23,30.3646906,-97.7351113
"Austin, Texas",Crestview,3150,2023-11-23,30.348322,-97.727536
"Austin, Texas",Wooten,398,2023-11-23,30.3610582,-97.7232992
"Austin, Texas",Dessau Estates,1204,2023-11-23,30.4099086,-97.6317571
"Austin, Texas",Rosewood,3147,2023-11-23,30.2706266,-97.7104428
"Austin, Texas",North Lamar,1287,2023-11-23,30.370122,-97.68842479999999
"Austin, Texas",University Hills,25,2023-11-23,30.317206,-97.67380229999999
"Austin, Texas",Old West Austin,3445,2023-11-23,30.2954625,-97.7551352
"Austin, Texas",Hancock,3295,2023-11-23,30.2964691,-97.72321529999999
"Austin, Texas",Windsor Park,10997,2023-11-23,30.3105177,-97.69008459999999
"Austin, Texas",Upper Boggy Creek,4089,2023-11-23,30.1858848,-97.7705653
"Austin, Texas",Govalle,301,2023-11-23,30.2560413,-97.7016981
"Austin, Texas",Downtown,2736,2023-11-23,30.2729209,-97.74438630000002
"Austin, Texas",Parker Lane,1110,2023-11-23,30.2315744,-97.7373863
"Austin, Texas",Franklin Park,14609,2023-11-23,30.1939634,-97.7446677
"Austin, Texas",Pleasant Valley,7864,2023-11-23,30.23471079999999,-97.7118003
"Austin, Texas",Pecan Springs Springdale,1598,2023-11-23,30.3000111,-97.67380229999999
"Austin, Texas",Brentwood,477,2023-11-23,30.330898,-97.73160650000001
"Austin, Texas",North University,1489,2023-11-23,30.2976841,-97.73759629999999
"Austin, Texas",West Congress,869,2023-11-23,30.21315749999999,-97.77435220000001
"Austin, Texas",University of Texas,5286,2023-11-23,30.2850284,-97.7335226
"Austin, Texas",North Burnett,2851,2023-11-23,30.3911419,-97.72183319999999
"Austin, Texas",East Congress,2753,2023-11-23,30.20856089999999,-97.7661188
"Austin, Texas",Rosedale,2835,2023-11-23,30.3143949,-97.74574439999999
"Austin, Texas",Windsor Hills,847,2023-11-23,30.3627291,-97.67922929999999
"Austin, Texas",Heritage Hills,4174,2023-11-23,30.3435785,-97.68886560000001
"Baltimore, Maryland",Loch Raven,4688,2023-11-23,39.3578727,-76.5806097
"Baltimore, Maryland",Holabird Industrial Park,10,2023-11-23,39.2721433,-76.5419702
"Baltimore, Maryland",Mount Vernon,3714,2023-11-23,39.2993194,-76.6138327
"Baltimore, Maryland",Cameron Village,708,2023-11-23,39.3569685,-76.60011120000001
"Baltimore, Maryland",Hunting Ridge,677,2023-11-23,39.2926066,-76.7019152
"Baltimore, Maryland",Biddle Street,540,2023-11-23,39.3036404,-76.5798874
"Baltimore, Maryland",Morgan Park,6,2023-11-23,39.3467737,-76.5788554
"Baltimore, Maryland",Purnell,91,2023-11-23,39.320533,-76.7065867
"Baltimore, Maryland",Little Italy,18,2023-11-23,39.2844999,-76.6015556
"Baltimore, Maryland",Carroll Park,27,2023-11-23,39.2756395,-76.6513787
"Baltimore, Maryland",Herring Run Park,9,2023-11-23,39.3273916,-76.57049669999999
"Baltimore, Maryland",Woodbourne Heights,912,2023-11-23,39.3573982,-76.5928888
"Baltimore, Maryland",Winchester,1288,2023-11-23,39.3041275,-76.6441591
"Baltimore, Maryland",West Forest Park,600,2023-11-23,39.3211342,-76.69180039999999
"Baltimore, Maryland",Poppleton,1274,2023-11-23,39.2914764,-76.6340511
"Baltimore, Maryland",Stonewood-Pentwood-Winston,1061,2023-11-23,39.3454285,-76.5885551
"Baltimore, Maryland",Evergreen Lawn,258,2023-11-23,39.2971002,-76.6549883
"Baltimore, Maryland",Levindale,93,2023-11-23,39.3537973,-76.66581649999999
"Baltimore, Maryland",Cedarcroft,210,2023-11-23,39.3699478,-76.61311049999999
"Baltimore, Maryland",Dunbar-Broadway,143,2023-11-23,39.2964059,-76.5943333
"Baltimore, Maryland",Parkview - Woodbrook,1841,2023-11-23,39.31665720000001,-76.647769
"Baltimore, Maryland",Lucille Park,458,2023-11-23,39.3404035,-76.6766438
"Baltimore, Maryland",Winston-Govans,849,2023-11-23,39.3496172,-76.6080554
"Baltimore, Maryland",Easterwood,1390,2023-11-23,39.3080704,-76.6506567
"Baltimore, Maryland",Patterson Park,4677,2023-11-23,39.2898331,-76.5762756
"Baltimore, Maryland",Medford,263,2023-11-23,39.2787996,-76.5473781
"Baltimore, Maryland",Highlandtown,2379,2023-11-23,39.2887746,-76.56674919999999
"Baltimore, Maryland",Sharp-Leadenhall,443,2023-11-23,39.2787025,-76.61744329999999
"Baltimore, Maryland",Violetville,2024,2023-11-23,39.2654186,-76.67381060000001
"Baltimore, Maryland",Hanlon-Longwood,2070,2023-11-23,39.31662559999999,-76.66942569999999
"Boston, Massachusetts",Kenmore,5472,2023-11-23,42.346832,-71.0923139
"Boston, Massachusetts",East Boston,4457,2023-11-23,42.3800079,-71.0254241
"Boston, Massachusetts",North End,2417,2023-11-23,42.3652089,-71.0554946
"Boston, Massachusetts",Boston Harbor Islands,0,2023-11-23,42.3216372,-70.9648849
"Boston, Massachusetts",Bay Village,2992,2023-11-23,42.3487398,-71.06941789999999
"Boston, Massachusetts",Charlestown,14149,2023-11-23,42.37865559999999,-71.0615977
"Boston, Massachusetts",Chinatown,47,2023-11-23,42.3491738,-71.06210589999999
"Boston, Massachusetts",Long Island,272,2023-11-23,42.3209197,-70.9650822
"Boston, Massachusetts",Hyde Park,13292,2023-11-23,42.2556619,-71.1255855
"Boston, Massachusetts",Downtown Crossing,181,2023-11-23,42.3554958,-71.0594338
"Boston, Massachusetts",Government Center,35,2023-11-23,42.3604802,-71.0590624
"Boston, Massachusetts",Back Bay,7388,2023-11-23,42.3495236,-71.0794717
"Boston, Massachusetts",Downtown,1863,2023-11-23,42.35552750000001,-71.0565313
"Boston, Massachusetts",North Dorchester,8901,2023-11-23,42.29948479999999,-71.06485289999999
"Boston, Massachusetts",Mattapan,17841,2023-11-23,42.2771787,-71.09348299999999
"Boston, Massachusetts",West End,3747,2023-11-23,42.3651729,-71.0641373
"Boston, Massachusetts",Allston,10480,2023-11-23,42.3555087,-71.1328247
"Boston, Massachusetts",Roxbury,51051,2023-11-23,42.3125672,-71.0898796
"Boston, Massachusetts",Haymarket,212,2023-11-23,42.3618916,-71.0571751
"Boston, Massachusetts",South Dorchester,15306,2023-11-23,42.29948479999999,-71.06485289999999
"Boston, Massachusetts",Beacon Hill,4944,2023-11-23,42.3561948,-71.06939
"Boston, Massachusetts",Brighton,13833,2023-11-23,42.3489143,-71.1604919
"Charlotte, North Carolina",Ponderosa-Wingate,424,2023-11-23,35.2033314,-80.90832999999999
"Charlotte, North Carolina",Arbor Glen,34,2023-11-23,35.2071092,-80.89519279999999
"Charlotte, North Carolina",Highland Creek,6983,2023-11-23,35.3780263,-80.7604628
"Charlotte, North Carolina",Sardis Forest,2035,2023-11-23,35.1282327,-80.76301
"Charlotte, North Carolina",Eastway-Sheffield Park,251,2023-11-23,35.2059349,-80.7639872
"Charlotte, North Carolina",Sardis Woods,1214,2023-11-23,35.1408045,-80.7491563
"Charlotte, North Carolina",Colonial Village,1025,2023-11-23,35.1895051,-80.8696038
"Charlotte, North Carolina",Wessex Square,1434,2023-11-23,35.1034982,-80.79624919999999
"Charlotte, North Carolina",Lincoln Heights,328,2023-11-23,35.2623966,-80.8507758
"Charlotte, North Carolina",Westchester,1696,2023-11-23,35.264937,-80.9124781
"Charlotte, North Carolina",Wilmore,1528,2023-11-23,35.2158282,-80.86575549999999
"Charlotte, North Carolina",University Park,302,2023-11-23,35.2643957,-80.8630865
"Charlotte, North Carolina",Firestone-Garden Park,2760,2023-11-23,35.2902877,-80.87002939999999
"Charlotte, North Carolina",Druid Hills South,753,2023-11-23,35.2519473,-80.8308587
"Charlotte, North Carolina",Oak Forest,1583,2023-11-23,35.2409806,-80.74084289999999
"Charlotte, North Carolina",East Forest,8466,2023-11-23,35.1615864,-80.7455087
"Charlotte, North Carolina",Smallwood,429,2023-11-23,35.245252,-80.86822029999999
"Charlotte, North Carolina",Sherwood Forest,2221,2023-11-23,35.1735457,-80.78517099999999
"Charlotte, North Carolina",Yorkmount,6036,2023-11-23,35.1637411,-80.8952103
"Charlotte, North Carolina",University City North,1386,2023-11-23,35.3269491,-80.73740480000001
"Charlotte, North Carolina",McCrorey Heights,30,2023-11-23,35.2479732,-80.8502336
"Charlotte, North Carolina",Reid Park,717,2023-11-23,35.2108806,-80.9000331
"Charlotte, North Carolina",Ballantyne East,2648,2023-11-23,35.0493509,-80.83777889999999
"Charlotte, North Carolina",Commonwealth,101,2023-11-23,35.2173656,-80.8059414
"Charlotte, North Carolina",North Charlotte,116,2023-11-23,35.2456474,-80.80178769999999
"Charlotte, North Carolina",Madison Park,2692,2023-11-23,35.1650179,-80.8502663
"Charlotte, North Carolina",Harwood Lane,3938,2023-11-23,35.3210262,-80.9705292
"Charlotte, North Carolina",Briarcreek-Woodland,71,2023-11-23,35.2169216,-80.7909305
"Charlotte, North Carolina",Third Ward,1449,2023-11-23,35.2276504,-80.8516173
"Charlotte, North Carolina",Charlotte Douglas International Airport,55,2023-11-23,35.2144758,-80.9487575
"Chicago, Illinois",Bronzeville,18911,2023-11-23,41.8166444,-87.6167744
"Chicago, Illinois",Streeterville,3688,2023-11-23,41.8927362,-87.6200416
"Chicago, Illinois",New Eastside,4619,2023-11-23,41.8862397,-87.61742079999999
"Chicago, Illinois",West De Paul,1070,2023-11-23,41.9290217,-87.6656217
"Chicago, Illinois",Bowmanville,3732,2023-11-23,41.9780271,-87.6789573
"Chicago, Illinois",The Villa,81,2023-11-23,41.9480336,-87.725881
"Chicago, Illinois",Old Edgebrook,39,2023-11-23,41.9948018,-87.76768659999999
"Chicago, Illinois",Trumbull Park,93,2023-11-23,41.7016427,-87.5646129
"Chicago, Illinois",Chicago Lawn,17488,2023-11-23,41.7718392,-87.6931785
"Chicago, Illinois",West Woodlawn,7109,2023-11-23,41.7794339,-87.610586
"Chicago, Illinois",Rosemoor,2281,2023-11-23,41.7109788,-87.61386999999999
"Chicago, Illinois",Mount Greenwood Heights,539,2023-11-23,41.6915904,-87.7008049
"Chicago, Illinois",Old Town Triangle,6115,2023-11-23,41.9110773,-87.6410116
"Chicago, Illinois",Dunning,3820,2023-11-23,41.9452601,-87.8070003
"Chicago, Illinois",Gold Coast,7223,2023-11-23,41.9066994,-87.6253308
"Chicago, Illinois",Oakland,1105,2023-11-23,41.8226995,-87.60135679999999
"Chicago, Illinois",Pulaski Park,368,2023-11-23,41.9070273,-87.6651332
"Chicago, Illinois",Logan Square,76261,2023-11-23,41.9230598,-87.70929079999999
"Chicago, Illinois",Edgewater Glen,1975,2023-11-23,41.9930252,-87.6653544
"Chicago, Illinois",Old Norwood Park,1993,2023-11-23,41.9880826,-87.8029213
"Chicago, Illinois",The Robert Taylor Homes,306,2023-11-23,41.80919799999999,-87.6285506
"Chicago, Illinois",Stony Island Park,1262,2023-11-23,41.7414774,-87.5803639
"Chicago, Illinois",Sleepy Hollow,1069,2023-11-23,41.8141992,-87.7411657
"Chicago, Illinois",Edgebrook,3974,2023-11-23,41.9973418,-87.7621724
"Chicago, Illinois",South Loop,28258,2023-11-23,41.8674081,-87.6275005
"Chicago, Illinois",Hegewisch,10479,2023-11-23,41.6554963,-87.54586239999999
"Chicago, Illinois",LeClaire Courts,1104,2023-11-23,41.8103445,-87.7499524
"Chicago, Illinois",Schorsch Forest View,186,2023-11-23,41.9626472,-87.8414686
"Chicago, Illinois",Roscoe Village,1624,2023-11-23,41.94323319999999,-87.6784687
"Chicago, Illinois",Kilbourn Park,6328,2023-11-23,41.942588,-87.73711709999999
"Cleveland, Ohio",South Collinwood,6397,2023-11-23,41.5582133,-81.567869
"Cleveland, Ohio",University District,72,2023-11-23,41.5002996,-81.6816091
"Cleveland, Ohio",Woodland Hills,871,2023-11-23,41.4793288,-81.6089873
"Cleveland, Ohio",Downtown,6036,2023-11-23,41.5047834,-81.68568080000001
"Cleveland, Ohio",Industrial Valley,4,2023-11-23,41.47597409999999,-81.6672028
"Cleveland, Ohio",Union Miles Park,1650,2023-11-23,41.4495159,-81.6089873
"Cleveland, Ohio",Central,6989,2023-11-23,41.4928438,-81.657623
"Cleveland, Ohio",Fairfax,3575,2023-11-23,41.4963243,-81.62964330000001
"Cleveland, Ohio",Brooklyn Centre,5355,2023-11-23,41.4507124,-81.701743
"Cleveland, Ohio",Kinsman,901,2023-11-23,41.4782473,-81.6281681
"Cleveland, Ohio",Kamm's Corner,14607,2023-11-23,41.4501288,-81.8167859
"Cleveland, Ohio",Stockyards,1747,2023-11-23,41.4573571,-81.7275399
"Cleveland, Ohio",Riverside,797,2023-11-23,41.4203759,-81.8427633
"Cleveland, Ohio",Old Brooklyn,23894,2023-11-23,41.4389663,-81.7069703
"Cleveland, Ohio",South Broadway,10798,2023-11-23,41.4486074,-81.6387362
"Cleveland, Ohio",St. Claire-Superior,6113,2023-11-23,41.5263326,-81.6336499
"Cleveland, Ohio",Buckeye Shaker,8200,2023-11-23,41.4808086,-81.5952837
"Cleveland, Ohio",North Collinwood,9525,2023-11-23,41.5807596,-81.5607859
"Cleveland, Ohio",Mt Pleasant,1574,2023-11-23,41.4655028,-81.5898016
"Cleveland, Ohio",Lee Miles,5081,2023-11-23,41.4402265,-81.5647722
"Cleveland, Ohio",West Boulevard,4247,2023-11-23,41.4697466,-81.7554964
"Cleveland, Ohio",Jefferson,4037,2023-11-23,41.4550728,-81.7902799
"Cleveland, Ohio",Edgewater,7426,2023-11-23,41.4827982,-81.75956029999999
"Cleveland, Ohio",Clark Fulton,4373,2023-11-23,41.4643415,-81.7103155
"Cleveland, Ohio",Corlett,10330,2023-11-23,41.4479089,-81.5870604
"Cleveland, Ohio",Tremont,4362,2023-11-23,41.4741847,-81.6930653
"Cleveland, Ohio",Ohio City - West Side,7320,2023-11-23,41.4847078,-81.7028394
"Cleveland, Ohio",Glenville,8012,2023-11-23,41.5387869,-81.61556999999999
"Cleveland, Ohio",Puritas-Longmead,9146,2023-11-23,41.4300729,-81.7800256
"Cleveland, Ohio",Cudell,4734,2023-11-23,41.4704157,-81.7555296
"Colorado Springs, Colorado",Peterson Air Force Base,285,2023-11-23,38.8256561,-104.6995991
"Colorado Springs, Colorado",West Colorado Springs,10622,2023-11-23,38.8688208,-104.8804893
"Colorado Springs, Colorado",Northwest Colorado Springs,7751,2023-11-23,38.9153649,-104.9155243
"Colorado Springs, Colorado",Falcon,171,2023-11-23,38.8015752,-104.8049787
"Colorado Springs, Colorado",Southeast Colorado Springs,38500,2023-11-23,38.7990549,-104.7871004
"Colorado Springs, Colorado",Northgate,985,2023-11-23,39.0041224,-104.7967302
"Colorado Springs, Colorado",Powers,32932,2023-11-23,38.8726772,-104.7190353
"Colorado Springs, Colorado",Briargate,41482,2023-11-23,38.9570097,-104.7696128
"Colorado Springs, Colorado",Old Colorado City,15136,2023-11-23,38.8448168,-104.8585963
"Colorado Springs, Colorado",Southwest Colorado Springs,13663,2023-11-23,38.8338816,-104.8213634
"Colorado Springs, Colorado",East Colorado Springs,908,2023-11-23,38.8604527,-104.7871004
"Colorado Springs, Colorado",Central Colorado Springs,52891,2023-11-23,38.836011,-104.831303
"Colorado Springs, Colorado",Flying Horse,951,2023-11-23,39.019506,-104.791477
"Colorado Springs, Colorado",Northeast Colorado Springs,56821,2023-11-23,38.8983388,-104.8104424
"Columbus, Ohio",Westbelt,345,2023-11-23,40.0109121,-83.1300519
"Columbus, Ohio",Southwest,6492,2023-11-23,39.9254477,-83.025396
"Columbus, Ohio",Brandywine,1136,2023-11-23,40.0662846,-82.947467
"Columbus, Ohio",Shepard,378,2023-11-23,39.98341740000001,-82.9488114
"Columbus, Ohio",Seven Oaks,180,2023-11-23,40.134986,-82.99786259999999
"Columbus, Ohio",Scioto Trace,625,2023-11-23,40.125202,-82.996656
"Columbus, Ohio",Brookside Woods,531,2023-11-23,40.0992497,-83.07103579999999
"Columbus, Ohio",Brentwood Park,486,2023-11-23,40.031175,-83.04291870000002
"Columbus, Ohio",King-Lincoln-Bronzeville,3109,2023-11-23,39.9681181,-82.97354469999999
"Columbus, Ohio",Worthingview,620,2023-11-23,40.1093531,-83.0482198
"Columbus, Ohio",Hilltop,1,2023-11-23,39.9429083,-83.0895961
"Columbus, Ohio",Three Rivers,191,2023-11-23,39.8918078,-82.8934922
"Columbus, Ohio",West London,2,2023-11-23,39.8169981,-83.0092803
"Columbus, Ohio",Central Clintonville,5000,2023-11-23,40.039258,-83.00659399999999
"Columbus, Ohio",Foxboro,387,2023-11-23,40.11399309999999,-83.0831116
"Columbus, Ohio",East Beechwold,1339,2023-11-23,40.0586375,-83.0106234
"Columbus, Ohio",East,8333,2023-11-23,39.9858333,-82.8425216
"Columbus, Ohio",Olde Orchard,2944,2023-11-23,39.963577,-82.833752
"Columbus, Ohio",Maize-Morse,7358,2023-11-23,40.0552255,-82.9929916
"Columbus, Ohio",Cross Creek,3719,2023-11-23,40.0067581,-83.146138
"Columbus, Ohio",Linwood,2204,2023-11-23,39.9411063,-82.9044325
"Columbus, Ohio",Downtown,1532,2023-11-23,39.9625434,-82.99797459999999
"Columbus, Ohio",Glen Echo,759,2023-11-23,40.0171572,-82.9998777
"Columbus, Ohio",Milbrook,1239,2023-11-23,39.9232858,-82.947467
"Columbus, Ohio",Wood Bridge Green,887,2023-11-23,40.120515,-83.064326
"Columbus, Ohio",Westbrook,235,2023-11-23,40.0448469,-82.95150009999999
"Columbus, Ohio",Brittany Hills,1229,2023-11-23,40.0047132,-82.9420892
"Columbus, Ohio",Madison Mills,1174,2023-11-23,39.885843,-82.92057369999999
"Columbus, Ohio",Tri-Village,5981,2023-11-23,39.9914485,-83.04063099999999
"Columbus, Ohio",Woodland Park,1178,2023-11-23,39.9736913,-82.9568771
"Dallas, Texas",Winnetka Heights,40333,2023-11-23,32.7443819,-96.8444803
"Dallas, Texas",Coppell,5,2023-11-23,32.9545687,-97.01500779999999
"Dallas, Texas",Cedar Crest,52820,2023-11-23,32.7200994,-96.80374119999999
"Dallas, Texas",Arts District,24,2023-11-23,32.7897314,-96.79826159999999
"Dallas, Texas",Lake Highlands,19554,2023-11-23,32.8874362,-96.71729069999999
"Dallas, Texas",Southwest Dallas,8777,2023-11-23,32.742699,-97.0087123
"Dallas, Texas",Government District,470,2023-11-23,32.7774059,-96.7987005
"Dallas, Texas",Southeast Dallas,4738,2023-11-23,32.7217796,-96.6625607
"Dallas, Texas",Wolf Creek,16035,2023-11-23,32.6616939,-96.84046
"Dallas, Texas",Bluffview,7945,2023-11-23,32.8584384,-96.829506
"Dallas, Texas",South Dallas,8077,2023-11-23,32.7746982,-96.76214979999999
"Dallas, Texas",Oak Lawn,28001,2023-11-23,32.8096731,-96.80299930000001
"Dallas, Texas",Northeast Dallas,6849,2023-11-23,32.8509234,-96.75285369999999
"Dallas, Texas",Eagle Ford,988,2023-11-23,32.7848517,-96.9008376
"Dallas, Texas",Lake Caroline,541,2023-11-23,32.7766642,-96.79698789999999
"Dallas, Texas",Far North,55592,2023-11-23,32.9620968,-96.78638439999999
"Dallas, Texas",South Boulevard-Park Row Historic,3199,2023-11-23,32.7675694,-96.7731565
"Dallas, Texas",Reunion District,7,2023-11-23,32.7766056,-96.807178
"Dallas, Texas",Buckner Terrace,9100,2023-11-23,32.7919577,-96.69999279999999
"Dallas, Texas",West End Historic District,102,2023-11-23,32.7801316,-96.80696689999999
"Dallas, Texas",City Center District,534,2023-11-23,32.78507870000001,-96.79706639999999
"Dallas, Texas",North Dallas,3424,2023-11-23,32.9620968,-96.78638439999999
"Dallas, Texas",Love Field Area,548,2023-11-23,32.8337533,-96.85552860000001
"Dallas, Texas",Main Street District,790,2023-11-23,32.7813791,-96.7969224
"Dallas, Texas",Farmers Market District,1278,2023-11-23,32.8024682,-96.83509989999999
"Denver, Colorado",Hilltop,5220,2023-11-23,39.7177666,-104.9222806
"Denver, Colorado",Bear Valley,6456,2023-11-23,39.659712,-105.0671869
"Denver, Colorado",University Hills,5433,2023-11-23,39.6674662,-104.9362589
"Denver, Colorado",Ruby Hill,5070,2023-11-23,39.6895493,-105.0157341
"Denver, Colorado",Sloan Lake,2337,2023-11-23,39.7512018,-105.0345899
"Denver, Colorado",Speer,8710,2023-11-23,39.7183273,-104.979123
"Denver, Colorado",Cole,1259,2023-11-23,39.7681279,-104.9659141
"Denver, Colorado",Whittier,2120,2023-11-23,39.7582035,-104.9659356
"Denver, Colorado",South Park Hill,673,2023-11-23,39.7474082,-104.9257925
"Denver, Colorado",Capitol Hill,372,2023-11-23,39.7336946,-104.982297
"Denver, Colorado",Cory - Merrill,3746,2023-11-23,39.6893366,-104.9500499
"Denver, Colorado",Belcaro,3487,2023-11-23,39.7038578,-104.9499535
"Denver, Colorado",University Park,5213,2023-11-23,39.6786111,-104.9694444
"Denver, Colorado",Fort Logan,3453,2023-11-23,39.6385436,-105.0415806
"Denver, Colorado",Cherry Creek,968,2023-11-23,39.7177954,-104.950215
"Denver, Colorado",Gateway - Green Valley Ranch,4568,2023-11-23,39.7836149,-104.7719959
"Denver, Colorado",Barnum West,1345,2023-11-23,39.7181743,-105.0469562
"Denver, Colorado",Villa Park,4810,2023-11-23,39.7329924,-105.0394913
"Denver, Colorado",North Capitol Hill,4161,2023-11-23,39.7432656,-104.9810992
"Denver, Colorado",Southmoor Park,2525,2023-11-23,39.6470724,-104.9239492
"Denver, Colorado",Windsor,3524,2023-11-23,39.7001353,-104.875353
"Denver, Colorado",Goldsmith,5545,2023-11-23,39.6748452,-104.912961
"Denver, Colorado",Jefferson Park,1883,2023-11-23,39.7511968,-105.020513
"Denver, Colorado",Lowry Field,4471,2023-11-23,39.7197837,-104.8910078
"Denver, Colorado",Washington Park West,3910,2023-11-23,39.7019904,-104.9827838
"Denver, Colorado",City Park,1219,2023-11-23,39.747474,-104.9514673
"Detroit, Michigan",Marina District,177,2023-11-23,42.36139,-82.9764787
"Detroit, Michigan",Conant Gardens,356,2023-11-23,42.4297605,-83.06772520000001
"Detroit, Michigan",Warrendale,14382,2023-11-23,42.3431345,-83.2353782
"Detroit, Michigan",University District,29,2023-11-23,42.4244328,-83.137012
"Detroit, Michigan",Grixdale,131,2023-11-23,42.4290968,-83.07774479999999
"Detroit, Michigan",Minock Park,55,2023-11-23,42.4043482,-83.2350529
"Detroit, Michigan",Hubbard-Richard,84,2023-11-23,42.3213799,-83.0757019
"Detroit, Michigan",Briggs,1475,2023-11-23,42.3365765,-83.0749483
"Detroit, Michigan",Art Center,1313,2023-11-23,42.362929,-83.0626583
"Detroit, Michigan",Wayne State,1925,2023-11-23,42.3579182,-83.0731285
"Detroit, Michigan",Springwells,1325,2023-11-23,42.3114295,-83.1272262
"Detroit, Michigan",Regent Park,2440,2023-11-23,42.4427798,-82.9608736
"Detroit, Michigan",Carbon Works,367,2023-11-23,42.2931608,-83.1297416
"Detroit, Michigan",Virginia Park,370,2023-11-23,42.3740134,-83.083269
"Detroit, Michigan",Petosky-Otsego,4507,2023-11-23,42.3616155,-83.1213104
"Detroit, Michigan",Fishkorn,1527,2023-11-23,42.3534824,-83.1924171
"Detroit, Michigan",Oakwood Heights,365,2023-11-23,42.2892948,-83.1483423
"Detroit, Michigan",Grandale,4436,2023-11-23,42.36769959999999,-83.20579839999999
"Detroit, Michigan",Westwood Park,40,2023-11-23,42.39113890000001,-83.2334568
"Detroit, Michigan",Jefferson Chalmers,2481,2023-11-23,42.3669736,-82.9502882
"Detroit, Michigan",Boynton,4347,2023-11-23,42.2750584,-83.14846659999999
"Detroit, Michigan",Franklin Park,5349,2023-11-23,42.3647172,-83.23596739999999
"Detroit, Michigan",LaSalle College Park,3068,2023-11-23,42.4178246,-83.0016085
"Detroit, Michigan",Green Acres,693,2023-11-23,42.4415128,-83.1374852
"Detroit, Michigan",Detroit Golf,235,2023-11-23,42.4267824,-83.1259966
"Detroit, Michigan",Millenium Village,55,2023-11-23,42.3430031,-83.0086331
"Detroit, Michigan",Weatherby,1198,2023-11-23,42.3740773,-83.2363178
"Detroit, Michigan",Van Steuban,187,2023-11-23,42.4272376,-83.00430879999999
"Detroit, Michigan",Old Redford,489,2023-11-23,42.4201655,-83.2613257
"Detroit, Michigan",Mohican Regent,2678,2023-11-23,42.4460037,-82.97819799999999
"El Paso, Texas",San Juan,1442,2023-11-23,31.7749128,-106.4143408
"El Paso, Texas",Castner Heights,1354,2023-11-23,31.8767123,-106.4317533
"El Paso, Texas",Chamizal,1060,2023-11-23,31.7691945,-106.4597284
"El Paso, Texas",Five Points,5018,2023-11-23,31.8304343,-106.5288374
"El Paso, Texas",Central,24548,2023-11-23,31.7719267,-106.4615501
"El Paso, Texas",Ysleta Mission Valley,8733,2023-11-23,31.6984446,-106.3249824
"El Paso, Texas",Sunset Heights,1232,2023-11-23,31.764125,-106.4980162
"El Paso, Texas",Northeast,86560,2023-11-23,31.9397232,-106.4077517
"El Paso, Texas",Chihuahuita,287,2023-11-23,31.75183789999999,-106.4862346
"El Paso, Texas",Friends of Karl Wyler,272,2023-11-23,31.7619732,-106.2957933
"El Paso, Texas",Golden Hills,225,2023-11-23,31.7775439,-106.480344
"El Paso, Texas",Redd-Mulberry,31,2023-11-23,31.7618778,-106.4850217
"El Paso, Texas",East Side,2554,2023-11-23,31.7273064,-106.3874132
"El Paso, Texas",Lakeside,156,2023-11-23,31.7552333,-106.3955549
"El Paso, Texas",Zach White,3084,2023-11-23,31.8385721,-106.5834523
"El Paso, Texas",Via Hermosa,6,2023-11-23,31.8534256,-106.5493235
"El Paso, Texas",Mountain Arroyos,918,2023-11-23,31.7895923,-106.2884934
"El Paso, Texas",Montoya Heights,754,2023-11-23,31.867791,-106.5872269
"El Paso, Texas",Rim Area,25,2023-11-23,31.7783617,-106.4950707
"El Paso, Texas",Borderland,977,2023-11-23,31.8834377,-106.5958239
"El Paso, Texas",Carpenter,93,2023-11-23,31.7191785,-106.3499144
"El Paso, Texas",Manhattan Heights,228,2023-11-23,31.7897702,-106.4612009
"El Paso, Texas",South Mesa,1141,2023-11-23,31.7538729,-106.48555
"El Paso, Texas",Album Park,8655,2023-11-23,31.7800488,-106.3397004
"El Paso, Texas",A Presidential Neighborhood,802,2023-11-23,31.7618778,-106.4850217
"El Paso, Texas",Cielo Vista,15020,2023-11-23,31.7878863,-106.3805402
"El Paso, Texas",Little Bit of Country,35,2023-11-23,31.7618778,-106.4850217
"El Paso, Texas",Buena Vista,17,2023-11-23,31.7651641,-106.4273366
"El Paso, Texas",La Colonia Escondida,55,2023-11-23,31.8434978,-106.5352418
"El Paso, Texas",Willow Bend One,65,2023-11-23,31.7618778,-106.4850217
"Fort Worth, Texas",Colonial Hills,794,2023-11-23,32.7200785,-97.3639855
"Fort Worth, Texas",Tanglewood,1464,2023-11-23,32.7055653,-97.3800199
"Fort Worth, Texas",Marine Park,132,2023-11-23,32.7798753,-97.3455793
"Fort Worth, Texas",Park Palisades,61,2023-11-23,32.6481372,-97.4131262
"Fort Worth, Texas",Stone Meadow,1157,2023-11-23,32.6206503,-97.3908283
"Fort Worth, Texas",Lost Creek,348,2023-11-23,32.7093919,-97.5244082
"Fort Worth, Texas",Parkview Hills,3276,2023-11-23,32.8611385,-97.400356
"Fort Worth, Texas",Altemesa East,424,2023-11-23,32.6532376,-97.2974178
"Fort Worth, Texas",Carter Park,951,2023-11-23,32.6902041,-97.3096324
"Fort Worth, Texas",Brittany Place,193,2023-11-23,32.8789395,-97.3064328
"Fort Worth, Texas",Southgate,1435,2023-11-23,32.6654753,-97.3598031
"Fort Worth, Texas",Cheyenne Ridge,43,2023-11-23,32.677372,-97.257922
"Fort Worth, Texas",Park Glen,10203,2023-11-23,32.8815682,-97.27337829999999
"Fort Worth, Texas",Bellaire Park North,340,2023-11-23,32.6717979,-97.4286714
"Fort Worth, Texas",Hollow Hills,1734,2023-11-23,32.7468808,-97.17633219999999
"Fort Worth, Texas",Ramey Place,67,2023-11-23,32.7193278,-97.2282075
"Fort Worth, Texas",White Lake Hills,1075,2023-11-23,32.7649938,-97.2518004
"Fort Worth, Texas",Marine Creek,758,2023-11-23,32.80311127005165,-97.36516750976676
"Fort Worth, Texas",Caville,8,2023-11-23,32.7294706,-97.2470812
"Fort Worth, Texas",Bently Village,632,2023-11-23,32.7686317,-97.16421129999999
"Fort Worth, Texas",Greenway,37,2023-11-23,32.7728007,-97.3226286
"Fort Worth, Texas",Historic Southside,653,2023-11-23,32.7387696,-97.3165547
"Fort Worth, Texas",Upper West Side,794,2023-11-23,32.7500598,-97.3395034
"Fort Worth, Texas",East Lake Worth,81,2023-11-23,32.8087304,-97.4624776
"Fort Worth, Texas",South Meadows Crossing,1371,2023-11-23,32.6395755,-97.35570709999999
"Fort Worth, Texas",Fairway Bend,2879,2023-11-23,32.849683,-97.3118255
"Fort Worth, Texas",South Edgewood,363,2023-11-23,32.7108267,-97.25382309999999
"Fort Worth, Texas",Candle Ridge West,575,2023-11-23,32.6343829,-97.3962332
"Fresno, California",Mclane,16919,2023-11-23,36.7796663,-119.754352
"Fresno, California",Roosevelt,88330,2023-11-23,36.72262,-119.7310213
"Fresno, California",Hoover,39196,2023-11-23,36.8180305,-119.7702769
"Fresno, California",Woodward Park,44582,2023-11-23,36.8721665,-119.7860302
"Fresno, California",Central,11207,2023-11-23,36.73665889999999,-119.7913495
"Fresno, California",West,3948,2023-11-23,36.77900870000001,-119.8893295
"Fresno, California",Bullard,49060,2023-11-23,36.8171433,-119.8097966
"Fresno, California",Edison,1571,2023-11-23,36.7140427,-119.8179095
"Fresno, California",Fresno High Roeding,31360,2023-11-23,36.7362672,-119.8301429
"Houston, Texas",Alief,45139,2023-11-23,29.6827204,-95.593239
"Houston, Texas",Fondren Gardens,2570,2023-11-23,29.6263258,-95.5012732
"Houston, Texas",Iah - Airport Area,3689,2023-11-23,29.9931058,-95.34162549999999
"Houston, Texas",Meadowbrook - Allendale,2706,2023-11-23,29.6874666,-95.2461412
"Houston, Texas",Greater Hobby Area,3191,2023-11-23,29.6254107,-95.28543690000001
"Houston, Texas",Greater Uptown,37524,2023-11-23,29.734948,-95.471515
"Houston, Texas",Eldridge - West Oaks,34767,2023-11-23,29.75591159999999,-95.64454950000001
"Houston, Texas",Denver Harbor - Port Houston,1735,2023-11-23,29.7743832,-95.3011399
"Houston, Texas",Lawndale - Wayside,1063,2023-11-23,29.7247703,-95.3112419
"Houston, Texas",Astrodome Area,12405,2023-11-23,29.74129,-95.440033
"Houston, Texas",Northside Village,1952,2023-11-23,29.8033011,-95.36103910000001
"Houston, Texas",Greater Fondren Southwest,48245,2023-11-23,29.6557112,-95.5280193
"Houston, Texas",Golfcrest - Bellfort - Reveille,35140,2023-11-23,29.6851528,-95.29631150000002
"Houston, Texas",Neartown - Montrose,2355,2023-11-23,29.742668,-95.3991888
"Houston, Texas",Kashmere Gardens,808,2023-11-23,29.80038609999999,-95.3169786
"Houston, Texas",Harrisburg - Manchester,3115,2023-11-23,29.7185281,-95.26015629999999
"Houston, Texas",Greater Greenspoint,16051,2023-11-23,29.9406789,-95.41390559999999
"Houston, Texas",Spring Branch West,11147,2023-11-23,29.7908472,-95.5446297
"Houston, Texas",Woodlake - Briarmeadow,38980,2023-11-23,29.7374609,-95.5142195
"Houston, Texas",Fourth Ward,3676,2023-11-23,29.7579028,-95.38086829999999
"Houston, Texas",Magnolia Park,17436,2023-11-23,29.7371714,-95.2924745
"Houston, Texas",Willow Meadows - Willowbend Area,9605,2023-11-23,29.6733001,-95.43988259999999
"Houston, Texas",Greenway - Upper Kirby Area,7499,2023-11-23,29.74129,-95.440033
"Houston, Texas",Briarforest Area,3259,2023-11-23,29.7479902,-95.5720781
"Houston, Texas",Pleasantville Area,2441,2023-11-23,29.7708418,-95.2729257
"Houston, Texas",Spring Branch Central,15680,2023-11-23,29.8110812,-95.5095815
"Houston, Texas",Hunterwood,1071,2023-11-23,29.8165393,-95.2136187
"Houston, Texas",Greater Inwood,30746,2023-11-23,29.86573869999999,-95.4804344
"Houston, Texas",Spring Branch North,2193,2023-11-23,29.8227034,-95.5452559
"Houston, Texas",Independence Heights,6595,2023-11-23,29.82841669999999,-95.3977159
"Jacksonville, Florida",Oak Haven,11,2023-11-23,30.31687579999999,-81.5993951
"Jacksonville, Florida",Hillcrest,3301,2023-11-23,30.298503,-81.7376778
"Jacksonville, Florida",Arlington Manor,246,2023-11-23,30.3581056,-81.5952837
"Jacksonville, Florida",Brown Island,34,2023-11-23,30.4312508,-81.5322149
"Jacksonville, Florida",Fairfield,132,2023-11-23,30.3487745,-81.6281681
"Jacksonville, Florida",Pecan Park,2624,2023-11-23,30.5319204,-81.6747295
"Jacksonville, Florida",Fairways Forest,2105,2023-11-23,30.3573987,-81.5843191
"Jacksonville, Florida",Arrowhead,2192,2023-11-23,30.1934558,-81.61720830000002
"Jacksonville, Florida",Brooklyn,63,2023-11-23,30.3217892,-81.6760985
"Jacksonville, Florida",Pumpkin Hill,575,2023-11-23,30.4451834,-81.4828198
"Jacksonville, Florida",Larsen,480,2023-11-23,30.275513,-81.632857
"Jacksonville, Florida",Holiday Hill,5933,2023-11-23,30.3001697,-81.56437199999999
"Jacksonville, Florida",Harborview,490,2023-11-23,30.40015,-81.7157888
"Jacksonville, Florida",The Cape,7006,2023-11-23,30.49090739999999,-81.57897919999999
"Jacksonville, Florida",Riverside,116,2023-11-23,30.3129035,-81.6938933
"Jacksonville, Florida",Murray Hill,9024,2023-11-23,30.3129625,-81.7175907
"Jacksonville, Florida",Windy Hill,553,2023-11-23,30.2708158,-81.54304259999999
"Jacksonville, Florida",Jacksonville Naval Air Station,2079,2023-11-23,30.2236078,-81.68568080000001
"Jacksonville, Florida",Park Ridge,441,2023-11-23,30.2906292,-81.503405
"Jacksonville, Florida",Deercreek,3142,2023-11-23,30.1818914,-81.544569
"Jacksonville, Florida",Fairfax,127,2023-11-23,30.2856634,-81.7157888
"Jacksonville, Florida",Atlantic Highlands,952,2023-11-23,30.3137817,-81.4416324
"Jacksonville, Florida",Sweetwater,2473,2023-11-23,30.265521,-81.75956029999999
"Jacksonville, Florida",29th and Chase,960,2023-11-23,30.3616823,-81.67336039999999
"Jacksonville, Florida",Normandy Estate,4039,2023-11-23,30.2911832,-81.8033057
"Jacksonville, Florida",Woodstock,3413,2023-11-23,30.337542,-81.72126159999999
"Jacksonville, Florida",Deerwood Center,364,2023-11-23,30.234248,-81.5857837
"Jacksonville, Florida",Isle of Palms,1711,2023-11-23,30.2729954,-81.4306454
"Jacksonville, Florida",Lakewood,2673,2023-11-23,30.2635999,-81.6391263
"Kansas City, Missouri",Palestine West and Oak Park Northeast,1029,2023-11-23,39.0616396,-94.54116959999999
"Kansas City, Missouri",Oakwood,23,2023-11-23,38.9486719,-94.55001709999999
"Kansas City, Missouri",Eastern 49-63,946,2023-11-23,39.0273037,-94.57146999999999
"Kansas City, Missouri",Oak Meyer Gardens,1098,2023-11-23,39.0086899,-94.58178889999999
"Kansas City, Missouri",Vineyard Northwest,724,2023-11-23,39.049415,-94.53794719999999
"Kansas City, Missouri",Oak Park Southwest,885,2023-11-23,39.0463135,-94.5508381
"Kansas City, Missouri",Self Help Neighborhood Council,931,2023-11-23,39.0008423,-94.54954889999999
"Kansas City, Missouri",Palestine East,275,2023-11-23,39.0624147,-94.53794719999999
"Kansas City, Missouri",Sarritt Point,939,2023-11-23,39.1156356,-94.5392361
"Kansas City, Missouri",Northest Industrial District,169,2023-11-23,39.1274999,-94.5365405
"Kansas City, Missouri",Eastwood Hill East,1283,2023-11-23,39.0342536,-94.49285309999999
"Kansas City, Missouri",Ivanhoe Northeast,516,2023-11-23,39.0590121,-94.5585742
"Kansas City, Missouri",South Hyde Park,169,2023-11-23,39.0518572,-94.57533939999999
"Kansas City, Missouri",Romanelli West,725,2023-11-23,39.0051755,-94.60501359999999
"Kansas City, Missouri",Highview Estates,1838,2023-11-23,38.9502345,-94.44393649999999
"Kansas City, Missouri",Oak Park Northwest,1851,2023-11-23,39.0632634,-94.54954889999999
"Kansas City, Missouri",West Waldo,710,2023-11-23,38.9780028,-94.60114209999999
"Kansas City, Missouri",Armour Hills,716,2023-11-23,39.0057845,-94.58952939999999
"Kansas City, Missouri",Ward Parkway,2834,2023-11-23,39.0000256,-94.603004
"Kansas City, Missouri",North India Mound,3636,2023-11-23,39.116435,-94.5186165
"Kansas City, Missouri",Knoches Park,255,2023-11-23,39.0619382,-94.53019280000001
"Kansas City, Missouri",Legacy East,912,2023-11-23,38.9663017,-94.5676009
"Kansas City, Missouri",Ruskin Hills,2223,2023-11-23,38.9251194,-94.48770189999999
"Kansas City, Missouri",North Town Fork Creek,2896,2023-11-23,39.0295599,-94.5469705
"Kansas City, Missouri",Westside South,902,2023-11-23,39.0787528,-94.59759509999999
"Kansas City, Missouri",Western 49-63,2293,2023-11-23,39.0204473,-94.5804989
"Kansas City, Missouri",Hickman Mills,1496,2023-11-23,38.9194514,-94.5185649
"Kansas City, Missouri",Little Blue Valley,3369,2023-11-23,38.9984607,-94.4079213
"Kansas City, Missouri",Lewis Heights,699,2023-11-23,39.0136407,-94.48770189999999
"Las Vegas, Nevada",Tule Springs,850,2023-11-23,36.2977068,-115.2241548
"Las Vegas, Nevada",East Las Vegas,866,2023-11-23,36.1736687,-115.1058166
"Las Vegas, Nevada",Sheep Mountain,7125,2023-11-23,36.3129838,-115.3292495
"Las Vegas, Nevada",Rancho Charleston,29962,2023-11-23,36.1556924,-115.1729205
"Las Vegas, Nevada",Downtown East,9282,2023-11-23,36.0966897,-115.0407412
"Las Vegas, Nevada",Cultural Corridor,2359,2023-11-23,36.1795039,-115.1311073
"Las Vegas, Nevada",Las Vegas Wash,52,2023-11-23,36.11167731650362,-114.9220203417214
"Las Vegas, Nevada",Lone Mountain,19428,2023-11-23,36.2452541,-115.2489368
"Las Vegas, Nevada",Centennial Hills,50590,2023-11-23,36.2716873,-115.2644506
"Las Vegas, Nevada",North Cheyenne,33075,2023-11-23,36.2175845,-115.2347216
"Las Vegas, Nevada",Michael Way,42364,2023-11-23,36.2511284,-115.2744799
"Las Vegas, Nevada",Desert Shores,6966,2023-11-23,36.2108962,-115.2689412
"Las Vegas, Nevada",Downtown,4958,2023-11-23,36.1692059,-115.1406108
"Las Vegas, Nevada",Meadows Village,727,2023-11-23,36.1702172,-115.2035744
"Las Vegas, Nevada",Kyle Canyon,641,2023-11-23,36.31433,-115.3004381
"Las Vegas, Nevada",West Las Vegas,18361,2023-11-23,36.1884891,-115.1608232
"Las Vegas, Nevada",Buffalo,13947,2023-11-23,36.188728,-115.259974
"Las Vegas, Nevada",Sunrise,18724,2023-11-23,36.162653,-115.10014
"Las Vegas, Nevada",Twin Lakes,10907,2023-11-23,36.1957447,-115.2238725
"Las Vegas, Nevada",Huntridge,9009,2023-11-23,36.1582409,-115.1362828
"Las Vegas, Nevada",The Lakes,23249,2023-11-23,36.1370097,-115.2890343
"Las Vegas, Nevada",Summerlin North,47306,2023-11-23,36.1892204,-115.3035319
"Long Beach, California",Los Cerritos Area,3802,2023-11-23,33.8314506,-118.1951921
"Long Beach, California",The Plaza,4991,2023-11-23,33.8068748,-118.1036344
"Long Beach, California",State College Area,2305,2023-11-23,33.7700504,-118.1937395
"Long Beach, California",Carroll Park,72,2023-11-23,33.7699283,-118.1638322
"Long Beach, California",Willmore City,11724,2023-11-23,33.7777817,-118.1980624
"Long Beach, California",West Side,17472,2023-11-23,33.7971072,-118.2154411
"Long Beach, California",Lakewood Village,1787,2023-11-23,33.839601,-118.1338535
"Long Beach, California",Peninsula,972,2023-11-23,33.7494289,-118.1232403
"Long Beach, California",Los Altos,5942,2023-11-23,33.7960816,-118.1179321
"Long Beach, California",Downtown,4413,2023-11-23,33.77053,-118.1912538
"Long Beach, California",Bluff Heights,594,2023-11-23,33.7672887,-118.157616
"Long Beach, California",Airport Area,233,2023-11-23,33.7700504,-118.1937395
"Long Beach, California",Bixby Area,7104,2023-11-23,33.8453638,-118.1795544
"Long Beach, California",Marina Area,2849,2023-11-23,33.758082,-118.1064156
"Long Beach, California",Dominguez,1,2023-11-23,33.8391797,-118.2242935
"Long Beach, California",California Heights,6215,2023-11-23,33.8221628,-118.1763388
"Long Beach, California",Rancho Estates,1109,2023-11-23,33.8133155,-118.0961737
"Long Beach, California",North Long Beach,51653,2023-11-23,33.8641861,-118.177336
"Long Beach, California",Belmont Heights,11775,2023-11-23,33.7662759,-118.1469921
"Long Beach, California",East Village,4670,2023-11-23,33.7719787,-118.1854042
"Long Beach, California",Bixby Hill,171,2023-11-23,33.7770065,-118.1078787
"Long Beach, California",University Park Estates,84,2023-11-23,33.771864,-118.1078787
"Long Beach, California",Saint Mary's,2907,2023-11-23,33.7817271,-118.1860601
"Long Beach, California",Belmont Park,795,2023-11-23,33.7616646,-118.1283605
"Long Beach, California",Zaferia,10131,2023-11-23,33.7853821,-118.1567653
"Long Beach, California",Hellman,4324,2023-11-23,33.777246,-118.1693168
"Long Beach, California",East Side,1986,2023-11-23,33.7807929,-118.155678
"Long Beach, California",Park Estates,43,2023-11-23,33.7822322,-118.1283605
"Long Beach, California",El Dorado Park Estates,1413,2023-11-23,33.8176661,-118.0781202
"Los Angeles, California",Highland Park,31188,2023-11-23,34.115521,-118.1843217
"Los Angeles, California",Playa Vista,2138,2023-11-23,33.9753949,-118.4192311
"Los Angeles, California",University Hills,2228,2023-11-23,34.0666868,-118.1682384
"Los Angeles, California",North Hills,49686,2023-11-23,34.235822,-118.4849365
"Los Angeles, California",Mar Vista,13749,2023-11-23,34.0152567,-118.4338345
"Los Angeles, California",Valley Glen,28329,2023-11-23,34.186682,-118.4138149
"Los Angeles, California",Pacoima,59912,2023-11-23,34.2767691,-118.4104684
"Los Angeles, California",Mid City,33110,2023-11-23,34.0416097,-118.3286614
"Los Angeles, California",Sun Valley,53645,2023-11-23,34.2279298,-118.3812562
"Los Angeles, California",Mission Hills,17844,2023-11-23,34.2722582,-118.4688776
"Los Angeles, California",Venice,35035,2023-11-23,33.9850469,-118.4694832
"Los Angeles, California",Glendale,1,2023-11-23,34.1425078,-118.255075
"Los Angeles, California",Winnetka,44331,2023-11-23,34.2048586,-118.5739621
"Los Angeles, California",Reseda,32014,2023-11-23,34.2011141,-118.5360517
"Los Angeles, California",Mount Washington,4480,2023-11-23,34.1030254,-118.2169381
"Los Angeles, California",Encino,21279,2023-11-23,34.1517492,-118.5214282
"Los Angeles, California",Tarzana,36098,2023-11-23,34.1494848,-118.5506158
"Los Angeles, California",Westwood,25666,2023-11-23,34.0635016,-118.4455164
"Los Angeles, California",Canoga Park,17020,2023-11-23,34.208254,-118.6058609
"Los Angeles, California",Southeast Los Angeles,115625,2023-11-23,34.0549076,-118.2402094
"Memphis, Tennessee",Hickory Ridge-South Riverdale,14730,2023-11-23,35.0563349,-89.828259
"Memphis, Tennessee",Shelby Forest-Frayser,2756,2023-11-23,35.2862458,-90.04198769999999
"Memphis, Tennessee",Raleigh,7279,2023-11-23,35.2207681,-89.928731
"Memphis, Tennessee",White Haven-Coro Lake,11207,2023-11-23,35.0126028,-90.1132387
"Memphis, Tennessee",Berclair-Highland Heights,5450,2023-11-23,35.1620158,-89.9173502
"Memphis, Tennessee",Midtown,8978,2023-11-23,35.1429724,-90.00423219999999
"Memphis, Tennessee",Cordova-Appling,44078,2023-11-23,35.1773827,-89.8135447
"Memphis, Tennessee",East Memphis-Colonial-Yorkshire,19393,2023-11-23,35.131085,-89.9084956
"Memphis, Tennessee",River Oaks-Kirby-Balmoral,13881,2023-11-23,35.116757,-89.8625868
"Memphis, Tennessee",Eads-Fisherville,3321,2023-11-23,35.2028416,-89.64920579999999
"Memphis, Tennessee",Parkway Village-Oakhaven,19097,2023-11-23,35.0520327,-89.94329599999999
"Memphis, Tennessee",Windyke-Southwind,3,2023-11-23,35.0413922,-89.7919453
"Memphis, Tennessee",Downtown,9631,2023-11-23,35.1403562,-90.0517081
"Mesa, Arizona",Northpointe,250,2023-11-23,33.4335393,-111.7201041
"Mesa, Arizona",Casa Mia,32,2023-11-23,33.4151843,-111.8314724
"Mesa, Arizona",Fiesta Park Village,425,2023-11-23,33.4214358,-111.7490269
"Mesa, Arizona",Northridge Manor,163,2023-11-23,33.4405139,-111.8527597
"Mesa, Arizona",Moondance,29,2023-11-23,33.4151843,-111.8314724
"Mesa, Arizona",Stoneybrook,77,2023-11-23,33.431924,-111.7234578
"Mesa, Arizona",Augusta Ranch,689,2023-11-23,33.3718656,-111.6314223
"Mesa, Arizona",Stonecrest,262,2023-11-23,33.4281927,-111.7219673
"Mesa, Arizona",Mira Mesa,157,2023-11-23,33.4404627,-111.7242031
"Mesa, Arizona",Rancho del Mar,414,2023-11-23,33.3694479,-111.8461539
"Mesa, Arizona",Alta Mesa,3096,2023-11-23,33.440587,-111.7070613
"Mesa, Arizona",Meridian Pointe,1005,2023-11-23,33.3532927,-111.5870744
"Mesa, Arizona",Lehi,64,2023-11-23,33.4589343,-111.8134739
"Mesa, Arizona",Village Park Four,395,2023-11-23,33.4285339,-111.8725087
"Mesa, Arizona",Villages of Eastridge,1799,2023-11-23,33.3755572,-111.6109363
"Mesa, Arizona",Sierra Heights,28,2023-11-23,33.3608212,-111.6366985
"Mesa, Arizona",Signal Butte Manor,687,2023-11-23,33.4191468,-111.5941544
"Mesa, Arizona",Sundance Homes,464,2023-11-23,33.4348356,-111.7294199
"Mesa, Arizona",Garden Hills,20,2023-11-23,33.4261412,-111.8710182
"Mesa, Arizona",Reed Park,3223,2023-11-23,33.4080339,-111.794708
"Mesa, Arizona",Sunland Springs Village,1998,2023-11-23,33.3596864,-111.5960176
"Mesa, Arizona",Hohokam Village,771,2023-11-23,33.4406014,-111.8201405
"Mesa, Arizona",Pacific Palms,65,2023-11-23,33.4151843,-111.8314724
"Mesa, Arizona",Summit,262,2023-11-23,33.4426595,-111.6355166
"Mesa, Arizona",Boulder Mountain,346,2023-11-23,33.4583108,-111.6256226
"Mesa, Arizona",Suntrails III,170,2023-11-23,33.4069526,-111.7577398
"Mesa, Arizona",Marlborough Mesa,905,2023-11-23,33.3614366,-111.8537515
"Mesa, Arizona",El Mirage,108,2023-11-23,33.6130942,-112.3246042
"Mesa, Arizona",Powell Estates,714,2023-11-23,33.4513062,-111.7525701
"Miami, Florida",Coral Way,29325,2023-11-23,25.7506988,-80.2302218
"Miami, Florida",Upper Eastside,471,2023-11-23,25.830499,-80.18037079999999
"Miami, Florida",Alameda - West Flagler,11585,2023-11-23,25.7720352,-80.250733
"Miami, Florida",Overtown,7136,2023-11-23,25.7839802,-80.2014543
"Miami, Florida",Allapattah,37214,2023-11-23,25.8003154,-80.22655449999999
"Miami, Florida",Little Havana,27339,2023-11-23,25.7776438,-80.2377078
"Miami, Florida",Fair Isle,323,2023-11-23,25.737214,-80.221996
"Miami, Florida",Biscayne Island,52,2023-11-23,25.7903762,-80.17532489999999
"Miami, Florida",Flagami,23371,2023-11-23,25.7716696,-80.27951949999999
"Miami, Florida",North-East Coconut Grove,5654,2023-11-23,25.7369455,-80.2304625
"Miami, Florida",Shenandoah,2872,2023-11-23,25.7595441,-80.22227099999999
"Miami, Florida",Wynwood - Edgewater,5329,2023-11-23,25.8070545,-80.19371989999999
"Miami, Florida",Brickell,10479,2023-11-23,25.7601793,-80.1958755
"Miami, Florida",Little Haiti,568,2023-11-23,25.8326937,-80.19620859999999
"Miami, Florida",San Marco Island,42,2023-11-23,25.7903762,-80.1681023
"Miami, Florida",South-West Coconut Grove,1717,2023-11-23,25.720274,-80.2532061
"Miami, Florida",Downtown,4507,2023-11-23,25.7712513,-80.1918728
"Miami, Florida",Liberty City,2724,2023-11-23,25.8317637,-80.2167149
"Milwaukee, Wisconsin",Holler Park,472,2023-11-23,42.9483583,-87.9175451
"Milwaukee, Wisconsin",Wedgewood,913,2023-11-23,42.9766209,-88.00328259999999
"Milwaukee, Wisconsin",Menomonee River Valley,71,2023-11-23,43.0325966,-87.940833
"Milwaukee, Wisconsin",Haymarket,123,2023-11-23,43.047953,-87.9175451
"Milwaukee, Wisconsin",Murray Hill,2931,2023-11-23,43.0643094,-87.88320399999999
"Milwaukee, Wisconsin",Avenues West,792,2023-11-23,43.0410262,-87.9371568
"Milwaukee, Wisconsin",Washington Park,2624,2023-11-23,43.0524499,-87.96533350000001
"Milwaukee, Wisconsin",Pheasant Run,981,2023-11-23,43.1664596,-88.0399767
"Milwaukee, Wisconsin",Buchel Park,26,2023-11-23,43.1544208,-88.0087886
"Milwaukee, Wisconsin",Lincoln Village,5719,2023-11-23,43.0012736,-87.924826
"Milwaukee, Wisconsin",Hampton Heights,911,2023-11-23,43.1097667,-87.9837
"Milwaukee, Wisconsin",St. Amelian's,500,2023-11-23,43.0862033,-88.0228566
"Milwaukee, Wisconsin",Cannon Park,830,2023-11-23,43.0328667,-88.0253027
"Milwaukee, Wisconsin",White Manor,1138,2023-11-23,42.9908581,-87.9837
"Milwaukee, Wisconsin",Brewer's Hill,1325,2023-11-23,43.0563346,-87.9114147
"Milwaukee, Wisconsin",Bluemound Heights,1137,2023-11-23,43.0334648,-87.9898205
"Milwaukee, Wisconsin",Hawthorne Glen,346,2023-11-23,43.0461326,-87.9855362
"Milwaukee, Wisconsin",Granville Station,558,2023-11-23,43.1749122,-88.038754
"Milwaukee, Wisconsin",Baran Park,85,2023-11-23,43.0017791,-87.91509309999999
"Milwaukee, Wisconsin",Sherman Park,748,2023-11-23,43.07177189999999,-87.96043449999999
"Milwaukee, Wisconsin",Fernwood,459,2023-11-23,42.9841448,-87.88074999999999
"Milwaukee, Wisconsin",Havenwoods,113,2023-11-23,43.1253685,-87.9751299
"Milwaukee, Wisconsin",Dretzka Park,182,2023-11-23,43.1704029,-88.0583123
"Milwaukee, Wisconsin",Muskego Way,2228,2023-11-23,43.0131728,-87.940833
"Milwaukee, Wisconsin",Timmerman Airport,116,2023-11-23,43.1155122,-88.0331837
"Milwaukee, Wisconsin",Copernicus Park,234,2023-11-23,42.9402673,-87.940833
"Milwaukee, Wisconsin",Ridgeview,276,2023-11-23,43.1890988,-88.0191871
"Milwaukee, Wisconsin",Grover Heights,26,2023-11-23,43.0916603,-87.91999700000001
"Milwaukee, Wisconsin",Mount Olivet,189,2023-11-23,42.9783197,-87.9616593
"Minneapolis, Minnesota",Willard Hay,3533,2023-11-23,44.9964492,-93.31126789999999
"Minneapolis, Minnesota",Harrison,3140,2023-11-23,44.98151559999999,-93.303221
"Minneapolis, Minnesota",Longfellow,549,2023-11-23,44.9483822,-93.234299
"Minneapolis, Minnesota",East Harriet,1433,2023-11-23,44.9293225,-93.2935778
"Minneapolis, Minnesota",Standish,6327,2023-11-23,44.9323256,-93.2384953
"Minneapolis, Minnesota",Whittier,11847,2023-11-23,44.9555348,-93.27965139999999
"Minneapolis, Minnesota",Cooper,2863,2023-11-23,44.9480046,-93.2106111
"Minneapolis, Minnesota",East Calhoun,633,2023-11-23,44.9407663,-93.3011272
"Minneapolis, Minnesota",Keewaydin,529,2023-11-23,44.9099744,-93.2357376
"Minneapolis, Minnesota",Columbia Park,1045,2023-11-23,45.0259608,-93.2590201
"Minneapolis, Minnesota",St Anthony East,1894,2023-11-23,44.9946574,-93.2516685
"Minneapolis, Minnesota",Beltrami,694,2023-11-23,44.994943,-93.2415998
"Minneapolis, Minnesota",Waite Park,2997,2023-11-23,45.0313309,-93.2343487
"Minneapolis, Minnesota",Southeast Como,1754,2023-11-23,44.9878368,-93.22280669999999
"Minneapolis, Minnesota",Loring Park,6058,2023-11-23,44.9688325,-93.2793834
"Minneapolis, Minnesota",Lowry Hill East,1150,2023-11-23,44.95557669999999,-93.2918753
"Minneapolis, Minnesota",Ericsson,1033,2023-11-23,44.9194499,-93.2307113
"Minneapolis, Minnesota",Cedar-Riverside,3456,2023-11-23,44.9668972,-93.2434698
"Minneapolis, Minnesota",Hale,1612,2023-11-23,44.9088522,-93.2524301
"Minneapolis, Minnesota",Victory,1110,2023-11-23,45.0336776,-93.3155786
"Minneapolis, Minnesota",Jordan,886,2023-11-23,45.0060449,-93.30225929999999
"Minneapolis, Minnesota",Corcoran,2407,2023-11-23,44.9429482,-93.24064829999999
"Minneapolis, Minnesota",Bryant,817,2023-11-23,44.9311739,-93.269679
"Minneapolis, Minnesota",Lind-Bohanon,2655,2023-11-23,45.043912,-93.29146539999999
"Minneapolis, Minnesota",Prospect Park,1151,2023-11-23,44.9710398,-93.21525460000001
"Minneapolis, Minnesota",Marshall Terrace,664,2023-11-23,45.0210186,-93.268571
"Minneapolis, Minnesota",Windom,2652,2023-11-23,44.8978338,-93.28329430000001
"Minneapolis, Minnesota",Cedar-Isles-Dean,151,2023-11-23,44.9541657,-93.3215343
"Minneapolis, Minnesota",Northrup,1470,2023-11-23,44.9294809,-93.2047656
"New York, New York",Auburndale,3563,2023-11-23,40.7577672,-73.78339609999999
"New York, New York",Rikers Island,702,2023-11-23,40.79312770000001,-73.88601
"New York, New York",Turtle Bay,19636,2023-11-23,40.7571432,-73.9718815
"New York, New York",College Point,8422,2023-11-23,40.786395,-73.8389657
"New York, New York",Rosebank,9864,2023-11-23,40.6139932,-74.0662521
"New York, New York",Oakwood,3280,2023-11-23,40.563994,-74.1159754
"New York, New York",St. Albans,23440,2023-11-23,40.6895283,-73.76436880000001
"New York, New York",Eltingville,18005,2023-11-23,40.5394463,-74.156292
"New York, New York",Rosedale,15802,2023-11-23,40.6575584,-73.7330753
"New York, New York",Fordham,22921,2023-11-23,40.8592667,-73.8984694
"New York, New York",Westerleigh,2136,2023-11-23,40.616296,-74.1386767
"New York, New York",Jamaica Hills,4425,2023-11-23,40.7135548,-73.796488
"New York, New York",Woodlawn,6837,2023-11-23,40.8976347,-73.8668996
"New York, New York",Tremont,45474,2023-11-23,40.8477113,-73.90096729999999
"New York, New York",Stuyvesant Town,15959,2023-11-23,40.7316903,-73.9778494
"New York, New York",Rossville,1342,2023-11-23,40.5456634,-74.21634279999999
"New York, New York",Jamaica Estates,9681,2023-11-23,40.7179512,-73.783822
"New York, New York",Midwood,58872,2023-11-23,40.6204388,-73.95997779999999
"New York, New York",Hillcrest,2519,2023-11-23,40.7229706,-73.8001762
"New York, New York",Chelsea-Travis,196,2023-11-23,40.5931598,-74.1879218
"New York, New York",Kew Gardens Hills,30943,2023-11-23,40.724707,-73.8207618
"New York, New York",South Beach,4429,2023-11-23,40.5903824,-74.06680759999999
"New York, New York",High Bridge,32288,2023-11-23,40.836916,-73.9271294
"New York, New York",Stapleton,1607,2023-11-23,40.6264929,-74.07764139999999
"New York, New York",Pelham Bay Park,969,2023-11-23,40.8667516,-73.81011029999999
"New York, New York",Murray Hill,2255,2023-11-23,40.7478792,-73.9756567
"New York, New York",Bedford Park,8385,2023-11-23,40.8700999,-73.8856912
"New York, New York",University Heights,8611,2023-11-23,40.8574661,-73.90965
"New York, New York",Mill Basin,9273,2023-11-23,40.6096768,-73.9114293
"New York, New York",Fort Greene,22345,2023-11-23,40.6920638,-73.97418739999999
"Oakland, California",South Stonehurst,434,2023-11-23,37.7348616,-122.1767336
"Oakland, California",Highland,899,2023-11-23,37.7482705,-122.1817002
"Oakland, California",Oak Tree,4317,2023-11-23,37.7820991,-122.2292263
"Oakland, California",Las Palmas,909,2023-11-23,37.7432977,-122.1568648
"Oakland, California",Northgate,1490,2023-11-23,37.8139055,-122.2685034
"Oakland, California",Longfellow,2690,2023-11-23,37.83065930000001,-122.2739384
"Oakland, California",Lockwood Tevis,992,2023-11-23,37.7613636,-122.1994363
"Oakland, California",Adams Point,3844,2023-11-23,37.81164190000001,-122.255463
"Oakland, California",Golden Gate,565,2023-11-23,37.8434259,-122.2859462
"Oakland, California",Clinton,5750,2023-11-23,37.7944092,-122.2455364
"Oakland, California",Jefferson,1869,2023-11-23,37.78019,-122.2100766
"Oakland, California",Oakland Army Base,25,2023-11-23,37.8114302,-122.31318
"Oakland, California",Hawthorne,1854,2023-11-23,37.7777613,-122.2278079
"Oakland, California",Joaquin Miller Park,117,2023-11-23,37.8134561,-122.1831192
"Oakland, California",Upper Rockridge,3346,2023-11-23,37.845804,-122.2366298
"Oakland, California",Paradise Park,2230,2023-11-23,37.8443491,-122.2809844
"Oakland, California",Durant Manor,1152,2023-11-23,37.740046,-122.1597034
"Oakland, California",Oak Center,382,2023-11-23,37.8101206,-122.2838197
"Oakland, California",Ivy Hill,3263,2023-11-23,37.799991,-122.2448273
"Oakland, California",Montclair Business,69,2023-11-23,37.8271018,-122.2097219
"Oakland, California",Oakland Airport,30,2023-11-23,37.7156188,-122.2143079
"Oakland, California",Woodminster,143,2023-11-23,37.8039153,-122.1831192
"Oakland, California",Hiller Highlands,429,2023-11-23,37.8512934,-122.2270987
"Oakland, California",Piedmont Avenue,4034,2023-11-23,37.8268107,-122.2526269
"Oakland, California",Upper Dimond,3451,2023-11-23,37.7987243,-122.2001457
"Oakland, California",Bushrod,5628,2023-11-23,37.8463046,-122.2668066
"Oakland, California",Fairfax,1713,2023-11-23,37.7756286,-122.2015644
"Oakland, California",Dimond,272,2023-11-23,37.7982759,-122.1997173
"Oakland, California",Havenscourt,2081,2023-11-23,37.7656361,-122.1873761
"Oakland, California",Skyline - Hillcrest Estates,315,2023-11-23,37.7933719,-122.1589938
"Oklahoma City, Oklahoma",Capitol Hill,1736,2023-11-23,35.4378169,-97.52743199999999
"Oklahoma City, Oklahoma",Classen Ten Penn,119,2023-11-23,35.4819979,-97.5396177
"Oklahoma City, Oklahoma",Meridian Avenue Corridor,21451,2023-11-23,35.3760595,-97.6009282
"Oklahoma City, Oklahoma",I-240 Corridor,27580,2023-11-23,35.3913785,-97.4299551
"Oklahoma City, Oklahoma",Crown Heights,1765,2023-11-23,35.5099469,-97.52302560000001
"Oklahoma City, Oklahoma",Flatiron District,17,2023-11-23,35.4736874,-97.5091573
"Oklahoma City, Oklahoma",Heritage Hills,1301,2023-11-23,35.4847836,-97.5189044
"Oklahoma City, Oklahoma",Gatewood UCD,298,2023-11-23,35.49016659999999,-97.5396177
"Oklahoma City, Oklahoma",Mesta Park,1341,2023-11-23,35.4884592,-97.5233705
"Oklahoma City, Oklahoma",Edgemere Heights,290,2023-11-23,35.5061341,-97.5158216
"Oklahoma City, Oklahoma",Cottage District,371,2023-11-23,35.4675602,-97.5164276
"Oklahoma City, Oklahoma",Northwest 39th Street Enclave,2572,2023-11-23,35.5113896,-97.5458341
"Oklahoma City, Oklahoma",Paseo Arts District,516,2023-11-23,35.4964583,-97.52607809999999
"Oklahoma City, Oklahoma",Belle Isle,1748,2023-11-23,35.5248173,-97.5382935
"Oklahoma City, Oklahoma",Deep Deuce,312,2023-11-23,35.4696865,-97.5078039
"Oklahoma City, Oklahoma",Film Row,682,2023-11-23,35.4664885,-97.525762
"Oklahoma City, Oklahoma",Automobile Alley,165,2023-11-23,35.4782424,-97.5125412
"Oklahoma City, Oklahoma",Arts District,623,2023-11-23,35.4693968,-97.5233705
"Oklahoma City, Oklahoma",Stockyards City,2009,2023-11-23,35.4532302,-97.5566911
"Oklahoma City, Oklahoma",Asia District,1539,2023-11-23,35.4959507,-97.5342015
"Oklahoma City, Oklahoma",Adventure District,1818,2023-11-23,35.52580349999999,-97.4765901
"Oklahoma City, Oklahoma",Lincoln Terrace,420,2023-11-23,35.4881949,-97.50577369999999
"Oklahoma City, Oklahoma",Central Business District,100,2023-11-23,35.5234452,-97.6006201
"Oklahoma City, Oklahoma",Bricktown,1,2023-11-23,35.4649622,-97.50712709999999
"Oklahoma City, Oklahoma",Capitol Campus,765,2023-11-23,35.4470308,-97.5319273
"Oklahoma City, Oklahoma",Mayfair,2292,2023-11-23,35.517198,-97.5653437
"Omaha, Nebraska",Elkhorn,17472,2023-11-23,41.2831958,-96.2368465
"Philadelphia, Pennsylvania",Wissahickon Hills,166,2023-11-23,40.040023,-75.21496499999999
"Philadelphia, Pennsylvania",University City,10304,2023-11-23,39.9536418,-75.19871069999999
"Philadelphia, Pennsylvania",Wissinoming,10848,2023-11-23,40.0195509,-75.05936609999999
"Philadelphia, Pennsylvania",Logan,13406,2023-11-23,40.0390954,-75.1447231
"Philadelphia, Pennsylvania",Dickinson Narrows,124,2023-11-23,39.9296946,-75.1538084
"Philadelphia, Pennsylvania",Germantown Morton,5527,2023-11-23,40.0410904,-75.1830997
"Philadelphia, Pennsylvania",Ludlow,1920,2023-11-23,39.9734361,-75.1472414
"Philadelphia, Pennsylvania",Grays Ferry,8385,2023-11-23,39.9359083,-75.1907258
"Philadelphia, Pennsylvania",North Central,10759,2023-11-23,39.9751126,-75.1629555
"Philadelphia, Pennsylvania",Franklin Mills,0,2023-11-23,40.0874923,-74.96162269999999
"Philadelphia, Pennsylvania",Mantua,4829,2023-11-23,39.9648298,-75.1968524
"Philadelphia, Pennsylvania",Andorra,399,2023-11-23,40.07261099999999,-75.2312898
"Philadelphia, Pennsylvania",Upper Roxborough,6186,2023-11-23,40.0595557,-75.2385128
"Philadelphia, Pennsylvania",East Passyunk,5691,2023-11-23,39.9265329,-75.1632937
"Philadelphia, Pennsylvania",Lawndale,10235,2023-11-23,40.0505554,-75.09167099999999
"Philadelphia, Pennsylvania",Bustleton,24048,2023-11-23,40.0983474,-75.04713819999999
"Philadelphia, Pennsylvania",Callow Hill,1612,2023-11-23,39.959507,-75.15599739999999
"Philadelphia, Pennsylvania",Lower Moyamensing,15254,2023-11-23,39.9204385,-75.1647529
"Philadelphia, Pennsylvania",West Poplar,2006,2023-11-23,39.9670434,-75.15599739999999
"Philadelphia, Pennsylvania",Spring Garden,798,2023-11-23,39.9656734,-75.1647529
"Philadelphia, Pennsylvania",Dunlap,2202,2023-11-23,39.9612385,-75.2223813
"Philadelphia, Pennsylvania",West Torresdale,155,2023-11-23,40.0734443,-74.98822489999999
"Philadelphia, Pennsylvania",Woodland Terrace,196,2023-11-23,39.9497881,-75.204592
"Philadelphia, Pennsylvania",Roxborough Park,1046,2023-11-23,40.0548134,-75.2141862
"Philadelphia, Pennsylvania",Society Hill,5286,2023-11-23,39.9432886,-75.1472414
"Philadelphia, Pennsylvania",Mount Airy West,6555,2023-11-23,40.0519842,-75.1942849
"Philadelphia, Pennsylvania",Garden Court,1715,2023-11-23,39.9527874,-75.22019329999999
"Philadelphia, Pennsylvania",West Park,41,2023-11-23,40.0334732,-75.1937682
"Philadelphia, Pennsylvania",Hawthorne,130,2023-11-23,39.9398236,-75.1640233
"Phoenix, Arizona",Rio Vista,1120,2023-11-23,33.8980651,-112.2026347
"Phoenix, Arizona",Central City,45395,2023-11-23,33.4358417,-112.0595603
"Phoenix, Arizona",Camelback East,625,2023-11-23,33.487358,-112.0118669
"Phoenix, Arizona",Encanto,18183,2023-11-23,33.4804672,-112.0774451
"Phoenix, Arizona",Estrella,32294,2023-11-23,33.4304026,-112.2026347
"Phoenix, Arizona",Alhambra,69142,2023-11-23,33.5334809,-112.1072528
"Phoenix, Arizona",Laveen,44172,2023-11-23,33.3825705,-112.1236468
"Phoenix, Arizona",Maryvale,70805,2023-11-23,33.4898258,-112.2264794
"Phoenix, Arizona",Ahwatukee Foothills,26815,2023-11-23,33.3122624,-112.0357137
"Phoenix, Arizona",Paradise Valley,123108,2023-11-23,33.6111814,-111.9760964
"Phoenix, Arizona",Deer Valley,74941,2023-11-23,33.6695691,-112.1191757
"Phoenix, Arizona",North Gateway,3474,2023-11-23,33.7881026,-112.166867
"Phoenix, Arizona",South Mountain,50363,2023-11-23,33.380303,-112.0714835
"Phoenix, Arizona",Desert View,6036,2023-11-23,33.6791865,-111.9601407
"Phoenix, Arizona",North Mountain,28457,2023-11-23,33.5844729,-112.1191757
"Portland, Oregon",Portsmouth,4878,2023-11-23,45.5865742,-122.7210813
"Portland, Oregon",Portland International Airport,20,2023-11-23,45.5882665,-122.5943981
"Portland, Oregon",Reed,4024,2023-11-23,45.4847156,-122.6374494
"Portland, Oregon",Eliot,1288,2023-11-23,45.5410012,-122.6679509
"Portland, Oregon",Kerns,3100,2023-11-23,45.526673,-122.6434411
"Portland, Oregon",Marshall Park,716,2023-11-23,45.4510772,-122.6928804
"Portland, Oregon",Markham,29,2023-11-23,45.4581145,-122.7036436
"Portland, Oregon",Hazelwood,15508,2023-11-23,45.5262942,-122.5377686
"Portland, Oregon",Pleasant Valley,2136,2023-11-23,45.4739701,-122.4943994
"Portland, Oregon",Madison South,6852,2023-11-23,45.5372236,-122.5789801
"Portland, Oregon",Healy Heights,30,2023-11-23,45.4920948,-122.6978274
"Portland, Oregon",Parkrose Heights,2537,2023-11-23,45.54206809999999,-122.5489269
"Portland, Oregon",Woodland Park,15,2023-11-23,45.5339135,-122.5609318
"Portland, Oregon",Ashcreek,5463,2023-11-23,45.4589031,-122.7303958
"Portland, Oregon",Powellhurst Gilbert,12614,2023-11-23,45.4970512,-122.5376478
"Portland, Oregon",Bridlemile,2600,2023-11-23,45.4907763,-122.729021
"Portland, Oregon",East Columbia,117,2023-11-23,45.5935962,-122.665417
"Portland, Oregon",Richmond,8671,2023-11-23,45.50478649999999,-122.6226421
"Portland, Oregon",Eastmoreland,851,2023-11-23,45.47917409999999,-122.6293193
"Portland, Oregon",Glenfair,3208,2023-11-23,45.522951,-122.5047453
"Portland, Oregon",Brentwood-Darlington,2648,2023-11-23,45.468644,-122.5893711
"Portland, Oregon",Corbett-Terwilliger-Lair Hill,1264,2023-11-23,45.4850211,-122.6751342
"Portland, Oregon",Forest Highlands,4,2023-11-23,45.4407179,-122.6775073
"Portland, Oregon",Crestwood,684,2023-11-23,45.4476594,-122.7395487
"Portland, Oregon",Overlook,3437,2023-11-23,45.5560936,-122.6823073
"Portland, Oregon",Boise,216,2023-11-23,45.5508395,-122.6755363
"Portland, Oregon",Southwest Hills,4536,2023-11-23,45.5021552,-122.7132382
"Portland, Oregon",Alameda,2349,2023-11-23,45.5482369,-122.6380808
"Raleigh, North Carolina",Southeast Raleigh,11146,2023-11-23,35.7394308,-78.5686699
"Raleigh, North Carolina",Southwest Raleigh,8342,2023-11-23,35.7516974,-78.7010857
"Raleigh, North Carolina",Northeast Raleigh,27468,2023-11-23,35.8550862,-78.5810808
"Raleigh, North Carolina",Central,3656,2023-11-23,35.8954057,-78.7389892
"Raleigh, North Carolina",Five Points,1345,2023-11-23,35.80403950000001,-78.645926
"Raleigh, North Carolina",Glenwood,1386,2023-11-23,35.7938932,-78.6448383
"Raleigh, North Carolina",Six Forks,7893,2023-11-23,35.8914009,-78.64962539999999
"Raleigh, North Carolina",South Central,7075,2023-11-23,35.7708211,-78.6032881
"Raleigh, North Carolina",North Central,1776,2023-11-23,35.7795897,-78.6381787
"Raleigh, North Carolina",East Raleigh,2994,2023-11-23,35.7893546,-78.6027131
"Raleigh, North Carolina",South Raleigh,10563,2023-11-23,35.657388,-78.691133
"Raleigh, North Carolina",Falls of Neuse,3804,2023-11-23,35.9023437,-78.6045465
"Raleigh, North Carolina",Hillsborough,315,2023-11-23,35.7948604,-78.6916243
"Raleigh, North Carolina",Northwest Raleigh,11193,2023-11-23,35.8710857,-78.713608
"Raleigh, North Carolina",North Raleigh,56462,2023-11-23,35.8812082,-78.6258319
"Raleigh, North Carolina",Wade,6538,2023-11-23,35.8095736,-78.732033
"Raleigh, North Carolina",West Raleigh,890,2023-11-23,35.7868182,-78.66389269999999
"Raleigh, North Carolina",Mordecai,687,2023-11-23,35.7967153,-78.6320717
"Sacramento, California",Richardson Village,263,2023-11-23,38.6231329,-121.4512301
"Sacramento, California",Creekside,2285,2023-11-23,38.6662606,-121.5303745
"Sacramento, California",Westlake,65,2023-11-23,38.6628945,-121.5421205
"Sacramento, California",Gardenland,397,2023-11-23,38.6139247,-121.4717521
"Sacramento, California",Valleyview Acres,87,2023-11-23,38.668732,-121.4840525
"Sacramento, California",Colonial Village,637,2023-11-23,38.5279135,-121.416002
"Sacramento, California",CSUS,983,2023-11-23,38.5642746,-121.4264453
"Sacramento, California",Boulevard Park,688,2023-11-23,38.5785045,-121.4775515
"Sacramento, California",Del Paso Heights,433,2023-11-23,38.6365786,-121.4384145
"Sacramento, California",Tahoe Park South,490,2023-11-23,38.5349743,-121.4353118
"Sacramento, California",Golf Course Terrace,3109,2023-11-23,38.5022215,-121.4895102
"Sacramento, California",Pell-Main Industrial Park,686,2023-11-23,38.6552912,-121.4719177
"Sacramento, California",Southeast Village,4425,2023-11-23,38.5105204,-121.4225013
"Sacramento, California",Wills Acres,749,2023-11-23,38.6202568,-121.4624969
"Sacramento, California",Old North Sacramento,3003,2023-11-23,38.6111177,-121.4486117
"Sacramento, California",Gateway West,1647,2023-11-23,38.63376050000001,-121.5309163
"Sacramento, California",Midtown - Winn Park Capital Avenue,1864,2023-11-23,38.5722532,-121.4818218
"Sacramento, California",College-Glen,7694,2023-11-23,38.5535362,-121.3936813
"Sacramento, California",Natomas Crossing,41,2023-11-23,38.6366714,-121.5141535
"Sacramento, California",Sierra Oaks,141,2023-11-23,38.569688,-121.4071682
"Sacramento, California",Glenwood Meadows,913,2023-11-23,38.6477304,-121.4615481
"Sacramento, California",South American River Industrial Park,26,2023-11-23,38.5815719,-121.4943996
"Sacramento, California",Mansion Flats,316,2023-11-23,38.586482,-121.4845523
"Sacramento, California",Woodbine,1996,2023-11-23,38.5045703,-121.4787414
"Sacramento, California",North City Farms,1420,2023-11-23,38.5336637,-121.4739581
"Sacramento, California",Noralto,3013,2023-11-23,38.6149843,-121.4569469
"Sacramento, California",Village 2,3995,2023-11-23,38.5809469,-121.505078
"Sacramento, California",Cal Expo,23,2023-11-23,38.5890996,-121.4283216
"Sacramento, California",Village 12,923,2023-11-23,38.6738052,-121.4973893
"San Antonio, Texas",Bluffview at Camino Real,350,2023-11-23,29.5672455,-98.49933940000001
"San Antonio, Texas",People Active in Community Effort,12779,2023-11-23,29.4251905,-98.4945922
"San Antonio, Texas",Maverick Creek,155,2023-11-23,29.5526406,-98.4312305
"San Antonio, Texas",The Champions Estates-Stone Oak,49,2023-11-23,29.6519387,-98.48943650000001
"San Antonio, Texas",Hunters Chase II,992,2023-11-23,29.5575734,-98.5551529
"San Antonio, Texas",Beacon Hill,3086,2023-11-23,29.4586721,-98.50995809999999
"San Antonio, Texas",Community Workers Council,2340,2023-11-23,29.4251905,-98.4945922
"San Antonio, Texas",High Country,930,2023-11-23,29.5898441,-98.3733316
"San Antonio, Texas",Village in the Woods,196,2023-11-23,29.51615529999999,-98.65524579999999
"San Antonio, Texas",Stone Valley,149,2023-11-23,29.3517542,-98.6256952
"San Antonio, Texas",Sun Gate,282,2023-11-23,29.52774329999999,-98.40316519999999
"San Antonio, Texas",Artesia Community Guild,1241,2023-11-23,29.4068164,-98.4417285
"San Antonio, Texas",Village at Rustic Oaks,13,2023-11-23,29.5092389,-98.5928792
"San Antonio, Texas",Jefferson Heights,2526,2023-11-23,29.4206968,-98.44995589999999
"San Antonio, Texas",Stone Wood,1007,2023-11-23,29.5737095,-98.4954461
"San Antonio, Texas",Fieldstone,31,2023-11-23,29.5594014,-98.65387079999999
"San Antonio, Texas",Regency Meadow,9,2023-11-23,29.5707185,-98.6126317
"San Antonio, Texas",Shavano Garden Homes,326,2023-11-23,29.56901359999999,-98.57793939999999
"San Antonio, Texas",Towne Lake Garden,96,2023-11-23,29.5339519,-98.4314233
"San Antonio, Texas",Promontory Pointe-Heights,1384,2023-11-23,29.5736157,-98.5477683
"San Antonio, Texas",King William,498,2023-11-23,29.4065531,-98.4911065
"San Antonio, Texas",Forest Oak,24,2023-11-23,29.5242915,-98.4396718
"San Antonio, Texas",Summit-Stone Oak,646,2023-11-23,29.649468,-98.499067
"San Antonio, Texas",Perrin Park,131,2023-11-23,29.5289116,-98.4122543
"San Antonio, Texas",Third World,2479,2023-11-23,29.4276223,-98.4854109
"San Antonio, Texas",Roosevelt Park,586,2023-11-23,29.4007876,-98.4873361
"San Antonio, Texas",Nevada Street,477,2023-11-23,29.4146146,-98.4653998
"San Antonio, Texas",Owners Association of Lago Vista-South Southwest,18,2023-11-23,29.3343375,-98.540179
"San Antonio, Texas",Mission Ridge,290,2023-11-23,29.5921114,-98.5041423
"San Antonio, Texas",Mahncke Park,474,2023-11-23,29.4589667,-98.4595557
"San Diego, California",Pacific Beach,17274,2023-11-23,32.8024577,-117.2355851
"San Diego, California",Burlingame,209,2023-11-23,32.7316217,-117.127946
"San Diego, California",Clairemont Mesa East,14815,2023-11-23,32.8203293,-117.1761516
"San Diego, California",Grantville,5563,2023-11-23,32.7890733,-117.1000014
"San Diego, California",Lake Murray,13540,2023-11-23,32.7872308,-117.0433653
"San Diego, California",Park West,1710,2023-11-23,32.7308025,-117.1629493
"San Diego, California",Miramar Ranch North,160,2023-11-23,32.931393,-117.0941178
"San Diego, California",Fairmount Park,402,2023-11-23,32.7232397,-117.1076578
"San Diego, California",Otay Mesa West,27327,2023-11-23,32.5757091,-117.0617553
"San Diego, California",La Playa,2433,2023-11-23,32.712273,-117.2453141
"San Diego, California",Sherman Heights,2004,2023-11-23,32.7099034,-117.1426521
"San Diego, California",Sabre Springs,6759,2023-11-23,32.9484161,-117.0882341
"San Diego, California",Mountain View,10309,2023-11-23,32.7027235,-117.111768
"San Diego, California",Azalea-Hollywood Park,652,2023-11-23,32.7318768,-117.1044139
"San Diego, California",Marina,5153,2023-11-23,32.7115629,-117.1674021
"San Diego, California",Black Mountain Ranch,2838,2023-11-23,33.0019017,-117.1382404
"San Diego, California",Golden Hill,3821,2023-11-23,32.7165006,-117.1367698
"San Diego, California",Egger Highlands,4516,2023-11-23,32.5884561,-117.0970596
"San Diego, California",Grant Hill,213,2023-11-23,32.7093466,-117.1338285
"San Diego, California",Carmel Mountain,1880,2023-11-23,32.9805356,-117.0735241
"San Diego, California",San Carlos,9090,2023-11-23,32.8085507,-117.0499859
"San Diego, California",Teralta East,545,2023-11-23,32.7522222,-117.0955887
"San Diego, California",Mission Beach,2865,2023-11-23,32.7706526,-117.2514447
"San Diego, California",Adams North,1237,2023-11-23,32.7632575,-117.1073617
"San Diego, California",Teralta West,1891,2023-11-23,32.7527801,-117.1044139
"San Diego, California",Morena,1896,2023-11-23,32.767107,-117.1941153
"San Diego, California",Midtown,1548,2023-11-23,32.7389307,-117.1750019
"San Diego, California",Torrey Pines,263,2023-11-23,32.8917728,-117.2404079
"San Diego, California",Barrio Logan,3206,2023-11-23,32.6929806,-117.1367698
"San Francisco, California",Glen Park,4315,2023-11-23,37.7361783,-122.4344201
"San Francisco, California",Pine Lake Park,338,2023-11-23,37.7362993,-122.4893919
"San Francisco, California",Midtown Terrace,2060,2023-11-23,37.7488271,-122.4503884
"San Francisco, California",Sunnyside,5241,2023-11-23,37.7315065,-122.4488971
"San Francisco, California",Pacific Heights,13858,2023-11-23,37.7942824,-122.4349387
"San Francisco, California",Telegraph Hill,1719,2023-11-23,37.8009425,-122.4052612
"San Francisco, California",North Panhandle,325,2023-11-23,37.7757272,-122.4424773
"San Francisco, California",Buena Vista Park,692,2023-11-23,37.7703713,-122.4431784
"San Francisco, California",Golden Gate Park,89,2023-11-23,37.7694208,-122.4670096
"San Francisco, California",Inner Richmond,878,2023-11-23,37.7808535,-122.4664321
"San Francisco, California",Presidio Heights,1993,2023-11-23,37.7899488,-122.4473926
"San Francisco, California",Downtown,12207,2023-11-23,37.7936658,-122.3964729
"San Francisco, California",Jordan Park - Laurel Heights,1250,2023-11-23,37.783278,-122.4566316
"San Francisco, California",Visitacion Valley,15530,2023-11-23,37.711459,-122.4079632
"San Francisco, California",Outer Sunset,1719,2023-11-23,37.7590135,-122.4955623
"San Francisco, California",Diamond Heights,246,2023-11-23,37.7453273,-122.4401057
"San Francisco, California",Balboa Terrace,677,2023-11-23,37.7317992,-122.4669748
"San Francisco, California",Ingleside,4712,2023-11-23,37.7198838,-122.4635843
"San Francisco, California",Financial District,2645,2023-11-23,37.7936658,-122.3964729
"San Francisco, California",Lakeside,644,2023-11-23,37.7264914,-122.4734472
"San Francisco, California",Tenderloin,5612,2023-11-23,37.7855867,-122.4146535
"San Francisco, California",Mount Davidson Manor,1670,2023-11-23,37.7282679,-122.4640937
"San Francisco, California",Clarendon Heights,485,2023-11-23,37.7578694,-122.4482351
"San Francisco, California",Hayes Valley,9545,2023-11-23,37.77606249999999,-122.4295929
"San Francisco, California",Crocker Amazon,3581,2023-11-23,37.71361960000001,-122.4367915
"San Francisco, California",Outer Mission,6432,2023-11-23,37.710048,-122.4570869
"San Francisco, California",South of Market,8882,2023-11-23,37.7850246,-122.4005003
"San Francisco, California",Excelsior,2110,2023-11-23,37.7208643,-122.4312555
"San Francisco, California",Ingleside Heights,5528,2023-11-23,37.7130811,-122.4679536
"San Jose, California",Santa Teresa,6752,2023-11-23,9.943865299999999,-84.079501
"San Jose, California",East San Jose,105627,2023-11-23,37.3262122,-121.8202035
"San Jose, California",Willow Glen,32678,2023-11-23,37.2944276,-121.9135599
"San Jose, California",Downtown,14310,2023-11-23,37.3336697,-121.8906975
"San Jose, California",North San Jose,12079,2023-11-23,37.3896512,-121.9302449
"San Jose, California",Berryessa,32470,2023-11-23,37.3978815,-121.873676
"San Jose, California",Fairgrounds,37820,2023-11-23,37.3004883,-121.85354
"San Jose, California",Cambrian Park,52192,2023-11-23,37.2570207,-121.931245
"San Jose, California",White Oak,3992,2023-11-23,37.3091509,-121.9995046
"San Jose, California",Evergreen,58565,2023-11-23,37.2993274,-121.7713767
"San Jose, California",Alviso,20,2023-11-23,37.4261669,-121.9761384
"San Jose, California",Alum Rock-East Foothills,7042,2023-11-23,37.3810508,-121.8174533
"San Jose, California",North Valley,36861,2023-11-23,37.3978815,-121.873676
"San Jose, California",Edenvale - Seven Trees,8435,2023-11-23,37.2601655,-121.8164031
"San Jose, California",West San Jose,94185,2023-11-23,37.3019909,-121.9969808
"San Jose, California",Rose Garden,11987,2023-11-23,37.3339869,-121.9295768
"San Jose, California",Almaden Valley,1909,2023-11-23,37.1889902,-121.8448745
"San Jose, California",Blossom Valley,47626,2023-11-23,37.2680312,-121.8717773
"Seattle, Washington",Denny Triangle,2851,2023-11-23,47.6159365,-122.3409249
"Seattle, Washington",Maple Leaf,1975,2023-11-23,47.6958402,-122.3175976
"Seattle, Washington",Northgate,1957,2023-11-23,47.7085904,-122.3232354
"Seattle, Washington",Montlake,4070,2023-11-23,47.6417371,-122.3020308
"Seattle, Washington",Jackson Place,36,2023-11-23,47.5988029,-122.3102844
"Seattle, Washington",Interbay,1175,2023-11-23,47.6405331,-122.3803047
"Seattle, Washington",Olympic Manor,676,2023-11-23,47.6906547,-122.3854042
"Seattle, Washington",Olympic Hills,7446,2023-11-23,47.7239733,-122.3050098
"Seattle, Washington",Laurelhurst,4738,2023-11-23,47.660184,-122.2810388
"Seattle, Washington",Matthews Beach,5977,2023-11-23,47.6958965,-122.2762179
"Seattle, Washington",Industrial District,176,2023-11-23,47.5639575,-122.3343352
"Seattle, Washington",Fairmount Park,4637,2023-11-23,47.5535431,-122.3803564
"Seattle, Washington",University District,22807,2023-11-23,47.6627771,-122.3138767
"Seattle, Washington",Genesee,1111,2023-11-23,47.563306,-122.392791
"Seattle, Washington",Pioneer Square,771,2023-11-23,47.6015184,-122.3342975
"Seattle, Washington",Leschi,201,2023-11-23,47.6003094,-122.2928109
"Seattle, Washington",Gatewood,3807,2023-11-23,47.5399508,-122.3843894
"Seattle, Washington",Loyal Heights,1830,2023-11-23,47.6822459,-122.3851317
"Seattle, Washington",Beacon Hill,1613,2023-11-23,47.552585,-122.3009371
"Seattle, Washington",Holly Park,365,2023-11-23,47.538914,-122.2861044
"Seattle, Washington",Minor,5675,2023-11-23,47.6075154,-122.3090726
"Seattle, Washington",Waterfront,104,2023-11-23,47.6093754,-122.3421547
"Seattle, Washington",South Park,2807,2023-11-23,47.5264742,-122.3244115
"Seattle, Washington",Yesler Terrace,112,2023-11-23,47.6028027,-122.3196871
"Seattle, Washington",North Beach,773,2023-11-23,47.69827859999999,-122.3865212
"Seattle, Washington",Ballard,5460,2023-11-23,47.6792172,-122.3860312
"Seattle, Washington",Columbia City,6317,2023-11-23,47.5607961,-122.2869618
"Seattle, Washington",North Beacon Hill,3534,2023-11-23,47.5794213,-122.3113231
"Seattle, Washington",West Woodland,4308,2023-11-23,47.6686892,-122.3661961
"Seattle, Washington",Bryant,4627,2023-11-23,47.6706033,-122.2871404
"Tucson, Arizona",Rosemont East,131,2023-11-23,32.21443420000001,-110.8819332
"Tucson, Arizona",Catalina Vista,164,2023-11-23,32.2455681,-110.9387733
"Tucson, Arizona",Samos,25,2023-11-23,32.2540308,-110.9483986
"Tucson, Arizona",Amphi,6491,2023-11-23,32.2719716,-110.9721733
"Tucson, Arizona",Dietz,156,2023-11-23,32.1991908,-110.8259894
"Tucson, Arizona",Rancho Perdido Estates,57,2023-11-23,32.2556875,-110.8247634
"Tucson, Arizona",Broadway Pantano East,2815,2023-11-23,32.2117104,-110.8130759
"Tucson, Arizona",San Ignacio Yaqui,554,2023-11-23,32.2491771,-110.986479
"Tucson, Arizona",Ironwood Ridge,122,2023-11-23,32.2483124,-111.0180419
"Tucson, Arizona",Mountain View,1341,2023-11-23,32.1659961,-110.781728
"Tucson, Arizona",Prince Tucson,669,2023-11-23,32.2761899,-110.9298005
"Tucson, Arizona",Broadway-Northeast,519,2023-11-23,32.2328337,-110.8379811
"Tucson, Arizona",Mortimore,490,2023-11-23,32.1542151,-110.9149664
"Tucson, Arizona",Parkway Terrace,102,2023-11-23,32.2060006,-110.9365212
"Tucson, Arizona",Miracle Manor,1981,2023-11-23,32.2575593,-110.980213
"Tucson, Arizona",Shaheen Estates,478,2023-11-23,32.2621976,-110.940232
"Tucson, Arizona",Barrio Blue Moon,988,2023-11-23,32.2384753,-110.9806105
"Tucson, Arizona",Bravo Park Lane,2511,2023-11-23,32.1665867,-110.9472586
"Tucson, Arizona",Groves Lincoln Park,2217,2023-11-23,32.1681493,-110.8239453
"Tucson, Arizona",Las Vistas,1353,2023-11-23,32.1886111,-110.9326534
"Tucson, Arizona",Garden District,4834,2023-11-23,32.2434454,-110.9012261
"Tucson, Arizona",Palo Verde,1315,2023-11-23,32.2434386,-110.9182487
"Tucson, Arizona",Barrio Hollywood,320,2023-11-23,32.2326307,-110.9949083
"Tucson, Arizona",Feldman's,848,2023-11-23,32.2385391,-110.9687529
"Tucson, Arizona",Barrio San Antonio,95,2023-11-23,32.2146929,-110.9516521
"Tucson, Arizona",Western Hills II,299,2023-11-23,32.1850043,-110.941213
"Tucson, Arizona",Stella Mann,1028,2023-11-23,32.1846194,-110.849491
"Tucson, Arizona",North University,79,2023-11-23,32.2396128,-110.9524529
"Tulsa, Oklahoma",Columbus,41,2023-11-23,36.1378596,-95.8551672
"Tulsa, Oklahoma",Oak Hollow,63,2023-11-23,36.0753297,-95.93601749999999
"Tulsa, Oklahoma",Executive Estates,8,2023-11-23,36.0758641,-95.8977238
"Tulsa, Oklahoma",Turner Park,1407,2023-11-23,36.151622,-95.93304549999999
"Tulsa, Oklahoma",Kingsbury,76,2023-11-23,36.0300276,-95.89310379999999
"Tulsa, Oklahoma",Brookside,2524,2023-11-23,36.1049947,-95.97898219999999
"Tulsa, Oklahoma",Camelot Park,147,2023-11-23,36.1539816,-95.99277500000001
"Tulsa, Oklahoma",Leisure Estates,63,2023-11-23,36.310119,-95.628787
"Tulsa, Oklahoma",Cedar Ridge Park,146,2023-11-23,36.0207363,-95.86835990000002
"Tulsa, Oklahoma",Kensington,204,2023-11-23,36.0556614,-95.97070070000001
"Tulsa, Oklahoma",Lynn Lane,3963,2023-11-23,36.1043697,-95.77958939999999
"Tulsa, Oklahoma",Maxwell,1829,2023-11-23,36.134267,-95.964331
"Tulsa, Oklahoma",North Evanston,348,2023-11-23,36.1794411,-95.9449341
"Tulsa, Oklahoma",Eagle Ridge,41,2023-11-23,36.1040441,-95.7612006
"Tulsa, Oklahoma",Heatherridge,44,2023-11-23,36.02815530000001,-95.89673379999999
"Tulsa, Oklahoma",Rosewood,2050,2023-11-23,36.1539816,-95.99277500000001
"Tulsa, Oklahoma",Mingo Valley,440,2023-11-23,36.1433992,-95.8802357
"Tulsa, Oklahoma",Sheridan Heights,177,2023-11-23,36.1843139,-95.9045767
"Tulsa, Oklahoma",Timberlane Hills,137,2023-11-23,36.062523,-95.9416315
"Tulsa, Oklahoma",Florence Park South,304,2023-11-23,36.1308659,-95.942292
"Tulsa, Oklahoma",Fair Heights,552,2023-11-23,36.1451832,-95.92644179999999
"Tulsa, Oklahoma",Fieldstone,25,2023-11-23,36.0576492,-95.8833288
"Tulsa, Oklahoma",Cherry Street,389,2023-11-23,36.1405219,-95.9582686
"Tulsa, Oklahoma",Southern Pointe,166,2023-11-23,36.0346666,-95.91587729999999
"Tulsa, Oklahoma",Mayo Plaza,30,2023-11-23,36.1535117,-95.99277500000001
"Tulsa, Oklahoma",Southfield,156,2023-11-23,36.1539816,-95.99277500000001
"Tulsa, Oklahoma",West Highlands,918,2023-11-23,36.0744692,-96.0218596
"Tulsa, Oklahoma",Harvard Pointe,13,2023-11-23,36.0380107,-95.9373384
"Tulsa, Oklahoma",Red Fork - Park Grove,1062,2023-11-23,36.099172,-96.0348344
"Tulsa, Oklahoma",South Creekside,798,2023-11-23,36.0792896,-95.9449341
"Virginia Beach, Virginia",Chesapeake Beach,6651,2023-11-23,36.9141913,-76.1290961
"Virginia Beach, Virginia",First Landing State Park,42,2023-11-23,36.9066068,-76.02169599999999
"Virginia Beach, Virginia",Pembroke,827,2023-11-23,36.8625781,-76.1314748
"Virginia Beach, Virginia",Great Neck,9337,2023-11-23,36.87573,-76.0398029
"Virginia Beach, Virginia",The North End,4016,2023-11-23,36.9273945,-76.0283741
"Virginia Beach, Virginia",Thalia,8188,2023-11-23,36.8434815,-76.12076789999999
"Virginia Beach, Virginia",Acredale,1071,2023-11-23,36.7970765,-76.17436909999999
"Virginia Beach, Virginia",Seatack,12837,2023-11-23,36.8415375,-75.9963192
"Virginia Beach, Virginia",Croatan Beach,221,2023-11-23,36.8279584,-75.9686395
"Virginia Beach, Virginia",Bay Colony,366,2023-11-23,36.8782035,-76.0060419
"Virginia Beach, Virginia",Thoroughgood,3737,2023-11-23,36.8918143,-76.12910169999999
"Virginia Beach, Virginia",Dams Neck Naval Air Station,617,2023-11-23,36.798246,-76.0248036
"Virginia Beach, Virginia",Princess Anne Plaza,5990,2023-11-23,36.8318151,-76.0896557
"Virginia Beach, Virginia",US Navy Little Creek Amphibious Base,307,2023-11-23,36.91425479999999,-76.15661039999999
"Virginia Beach, Virginia",Kempsville,46691,2023-11-23,36.8268149,-76.1602137
"Virginia Beach, Virginia",Linkhorn Park,1492,2023-11-23,36.8670926,-75.99298569999999
"Virginia Beach, Virginia",Cape Story by the Sea,68,2023-11-23,36.9101473,-76.0574326
"Virginia Beach, Virginia",Rudee Heights,418,2023-11-23,36.8270934,-75.976596
"Virginia Beach, Virginia",Naval Air Station Oceana,2203,2023-11-23,36.812364,-76.0248036
"Virginia Beach, Virginia",Fort Story,940,2023-11-23,36.9231796,-76.0173549
"Virginia Beach, Virginia",Bayside,32434,2023-11-23,36.9029252,-76.1343797
"Virginia Beach, Virginia",Camp Pendleton,1428,2023-11-23,36.8152897,-75.9833426
"Virginia Beach, Virginia",Mears Corner,18354,2023-11-23,36.78042629999999,-76.19160339999999
"Virginia Beach, Virginia",Macons Corner,329,2023-11-23,36.80014930000001,-76.0040971
"Washington, District of Columbia",Langston,1351,2023-11-23,38.9009362,-76.9772675
"Washington, District of Columbia",Woodridge,1547,2023-11-23,38.9330005,-76.9680338
"Washington, District of Columbia",Barnaby Woods,459,2023-11-23,38.9745158,-77.0607637
"Washington, District of Columbia",Pleasant Hill,1168,2023-11-23,38.8638324,-77.0368707
"Washington, District of Columbia",Kent,1105,2023-11-23,38.9071923,-77.0368707
"Washington, District of Columbia",Anacostia,395,2023-11-23,38.8627944,-76.9826813
"Washington, District of Columbia",Berkley,370,2023-11-23,38.9215975,-77.0924196
"Washington, District of Columbia",Wakefield,2053,2023-11-23,38.9507566,-77.07166339999999
"Washington, District of Columbia",River Terrace,226,2023-11-23,38.8920564,-76.95747469999999
"Washington, District of Columbia",Spring Valley,4733,2023-11-23,38.9416599,-77.09961299999999
"Washington, District of Columbia",Twining,735,2023-11-23,38.8717791,-76.9658082
"Washington, District of Columbia",Deanwood,2789,2023-11-23,38.902971,-76.93269269999999
"Washington, District of Columbia",Penn Quarter,960,2023-11-23,38.8973308,-77.02194250000001
"Washington, District of Columbia",Pleasant Plains,591,2023-11-23,38.92121710000001,-77.0204624
"Washington, District of Columbia",Civic Betterment,492,2023-11-23,38.8794409,-76.92990379999999
"Washington, District of Columbia",Lincoln Heights,1217,2023-11-23,38.8957169,-76.9311761
"Washington, District of Columbia",The Palisades,1455,2023-11-23,38.9320344,-77.1053673
"Washington, District of Columbia",Edgewood,1372,2023-11-23,38.9256162,-77.0005917
"Washington, District of Columbia",Chinatown,1000,2023-11-23,38.9003692,-77.0209563
"Washington, District of Columbia",Marshall Heights,4731,2023-11-23,38.8851176,-76.9282948
"Washington, District of Columbia",Carver,1733,2023-11-23,38.9009362,-76.9772675
"Washington, District of Columbia",Mahaning Heights,1332,2023-11-23,38.9071923,-77.0368707
"Washington, District of Columbia",Colony Hill,69,2023-11-23,38.913167,-77.08720029999999
"Washington, District of Columbia",Mount Pleasant,7408,2023-11-23,38.9311878,-77.04061469999999
"Washington, District of Columbia",Observatory Circle,704,2023-11-23,38.9201358,-77.0714351
"Washington, District of Columbia",Near Northeast,6629,2023-11-23,38.9025149,-76.99847609999999
"Washington, District of Columbia",Penn Branch,155,2023-11-23,38.8726445,-76.954224
"Washington, District of Columbia",McLean Gardens,817,2023-11-23,38.93707390000001,-77.0758733
"Washington, District of Columbia",Mount Vernon Square,4191,2023-11-23,38.9042772,-77.0234435
"Washington, District of Columbia",Brightwood Park,451,2023-11-23,38.9543155,-77.019762
"Wichita, Kansas",Comotara Mainsgate Villa,534,2023-11-23,37.728474,-97.2587829
"Wichita, Kansas",Meadowlark,1210,2023-11-23,37.6542192,-97.2855189
"Wichita, Kansas",Schweiter,30,2023-11-23,37.6661139,-97.3071075
"Wichita, Kansas",College Hill,4040,2023-11-23,37.6841425,-97.2890908
"Wichita, Kansas",Northwest Big River,263,2023-11-23,37.7180099,-97.386775
"Wichita, Kansas",Fabrique,919,2023-11-23,37.6725031,-97.26798319999999
"Wichita, Kansas",Delano,4073,2023-11-23,37.6822197,-97.36018419999999
"Wichita, Kansas",Mccormick,460,2023-11-23,37.6724341,-97.35435660000002
"Wichita, Kansas",Hilltop,1514,2023-11-23,37.6711696,-97.28956629999999
"Wichita, Kansas",Orchard Breeze,2773,2023-11-23,37.688074,-97.4002872
"Wichita, Kansas",K-15,958,2023-11-23,37.6424627,-97.3044086
"Wichita, Kansas",Southwest Village,35,2023-11-23,37.6464218,-97.3894772
"Wichita, Kansas",Westlink,221,2023-11-23,37.6964784,-97.455715
"Wichita, Kansas",Courtland,426,2023-11-23,37.6896166,-97.2693319
"Wichita, Kansas",Planeview United,4300,2023-11-23,37.6418913,-97.2922646
"Wichita, Kansas",Maple Hills,158,2023-11-23,37.68717609999999,-97.33005299999999
"Wichita, Kansas",Indian Hills,488,2023-11-23,37.7028229,-97.3759671
"Wichita, Kansas",Macdonald,349,2023-11-23,37.7025794,-97.29496309999999
"Wichita, Kansas",Longview,247,2023-11-23,37.6747208,-97.29631239999999
"Wichita, Kansas",Fairmount,1432,2023-11-23,37.7119189,-97.29361379999999
"Wichita, Kansas",Crown Heights South,83,2023-11-23,37.6839927,-97.2747272
"Wichita, Kansas",Stanley-Aley,3387,2023-11-23,37.6661297,-97.3705639
"Wichita, Kansas",Lambsdale,126,2023-11-23,37.704534,-97.2740527
"Wichita, Kansas",Grandview Heights,1265,2023-11-23,37.6605851,-97.28956629999999
"Wichita, Kansas",Hilltop - Jefferson,616,2023-11-23,37.67681,-97.2820263
"Wichita, Kansas",Country Overlook,1204,2023-11-23,37.6979578,-97.2841698
"Wichita, Kansas",La Placita Park,2567,2023-11-23,37.7021454,-97.386775
"Wichita, Kansas",Sunnyside,154,2023-11-23,37.6754582,-97.30575809999999
"Wichita, Kansas",Crown Heights,1075,2023-11-23,37.68928349999999,-97.2747272
"Indianapolis, Indiana",Far Eastside,41537,2023-11-23,39.8260416,-86.00992939999999
"Indianapolis, Indiana",Meridian Kessler,582,2023-11-23,39.84694,-86.1457707
"Indianapolis, Indiana",South Perry,6553,2023-11-23,39.650272,-86.1220838
"Indianapolis, Indiana",Mars Hill,10308,2023-11-23,39.7141775,-86.2384399
"Indianapolis, Indiana",Chapel Hill-Ben Davis,2171,2023-11-23,39.7642666,-86.2890506
"Indianapolis, Indiana",West Indianapolis,4937,2023-11-23,39.7509902,-86.1967519
"Indianapolis, Indiana",Airport,26,2023-11-23,39.7393041,-86.2698055
"Indianapolis, Indiana",Garden City,11000,2023-11-23,39.7651444,-86.25031760000002
"Indianapolis, Indiana",Snacks-Guion Creek,1266,2023-11-23,39.85325270000001,-86.2400454
"Indianapolis, Indiana",Crooked Creek,13796,2023-11-23,39.8649869,-86.2001872
"Indianapolis, Indiana",New Bethel,1392,2023-11-23,39.6967871,-85.97522939999999
"Indianapolis, Indiana",Martindale-Brightwood,11719,2023-11-23,39.8034345,-86.12154579999999
"Indianapolis, Indiana",Stout Field,2892,2023-11-23,39.74686760000001,-86.2502064
"Indianapolis, Indiana",Maywood,26,2023-11-23,39.7292297,-86.20618569999999
"Indianapolis, Indiana",Southeast,4913,2023-11-23,39.7388967,-86.0636699
"Indianapolis, Indiana",College Corner,14,2023-11-23,39.790489,-86.14498069999999
"Indianapolis, Indiana",Five Points,103,2023-11-23,39.72460040000001,-86.04475380000001
"Indianapolis, Indiana",North Central,859,2023-11-23,39.9079729,-86.13538319999999
"Indianapolis, Indiana",Ameriplex,1568,2023-11-23,39.6761586,-86.3013632
"Indianapolis, Indiana",Keystone at the Crossing,1701,2023-11-23,39.9193957,-86.0972348
"Indianapolis, Indiana",West Newton,1468,2023-11-23,39.6528566,-86.2805954
"Indianapolis, Indiana",Butler-Tarkington,4307,2023-11-23,39.8308843,-86.1700894
"Indianapolis, Indiana",Key Meadows,2440,2023-11-23,39.80469859999999,-86.2889067
"Indianapolis, Indiana",Near Eastside,29415,2023-11-23,39.7813649,-86.116512
"Indianapolis, Indiana",St Vincent-Greenbriar,5949,2023-11-23,39.9122075,-86.1839732
"Indianapolis, Indiana",Southeast Warren,3698,2023-11-23,39.7552309,-85.9853145
"Indianapolis, Indiana",Mapleton-Fall Creek,1848,2023-11-23,39.8289307,-86.1672099
"Indianapolis, Indiana",Devonshire,4911,2023-11-23,39.8687493,-86.0741204
"Indianapolis, Indiana",Poplar Grove,3026,2023-11-23,39.7125441,-86.0513725
"Indianapolis, Indiana",Fairgrounds,2773,2023-11-23,39.8328663,-86.13130679999999
"Louisville, Kentucky",Valley Station,2097,2023-11-23,38.1024697,-85.871012
"Louisville, Kentucky",Highview,12219,2023-11-23,38.1372898,-85.62838409999999
"Louisville, Kentucky",Fern Creek,12482,2023-11-23,38.1651485,-85.59915029999999
"Louisville, Kentucky",Okolona,5343,2023-11-23,38.1353318,-85.68393619999999
"Nashville-Davidson, Tennessee",Carlyle Palce - Battlewood,334,2023-11-23,36.111558,-86.715366
"Nashville-Davidson, Tennessee",River Park,5,2023-11-23,36.0577145,-86.9727326
"Nashville-Davidson, Tennessee",Whites Bend,1572,2023-11-23,36.1926199,-86.96252779999999
"Nashville-Davidson, Tennessee",Nashboro Woods,303,2023-11-23,36.0836055,-86.6315059
"Nashville-Davidson, Tennessee",Heron Walk,5526,2023-11-23,36.2523867,-86.6787354
"Nashville-Davidson, Tennessee",Battlefield,183,2023-11-23,36.1626638,-86.7816016
"Nashville-Davidson, Tennessee",Magnolia Station,172,2023-11-23,36.3700831,-86.73817989999999
"Nashville-Davidson, Tennessee",Georgetown Condos,31,2023-11-23,36.0983802,-86.8232988
"Nashville-Davidson, Tennessee",Parkview,79,2023-11-23,36.1626638,-86.7816016
"Nashville-Davidson, Tennessee",Parkway Terrace (MDHA),104,2023-11-23,36.1750583,-86.7626915
"Nashville-Davidson, Tennessee",Greenwood,1329,2023-11-23,36.187947,-86.7504372
"Nashville-Davidson, Tennessee",Lone Oak Heights,12,2023-11-23,36.0995309,-86.8093988
"Nashville-Davidson, Tennessee",Madison Park,291,2023-11-23,36.2705148,-86.69761439999999
"Nashville-Davidson, Tennessee",Sugartree,12,2023-11-23,36.1096554,-86.8251645
"Nashville-Davidson, Tennessee",Wynbrook,32,2023-11-23,36.0715462,-86.9282544
"Nashville-Davidson, Tennessee",Lipscomb Heights,64,2023-11-23,36.0918475,-86.7991471
"Nashville-Davidson, Tennessee",Bordeaux,2286,2023-11-23,36.1939448,-86.83138840000001
"Nashville-Davidson, Tennessee",Montogue,97,2023-11-23,36.2444309,-86.7095674
"Nashville-Davidson, Tennessee",Hermitage Meadows,2332,2023-11-23,36.1763163,-86.611656
"Nashville-Davidson, Tennessee",Elmington Condos,4,2023-11-23,36.1445653,-86.7925834
"Nashville-Davidson, Tennessee",Clairmont,425,2023-11-23,36.0583713,-86.70076019999999
"Nashville-Davidson, Tennessee",Piccadilly Square,1542,2023-11-23,36.0797149,-86.6623676
"Nashville-Davidson, Tennessee",Caldwell Court Condos,620,2023-11-23,36.0780618,-86.73817989999999
"Nashville-Davidson, Tennessee",Four Seasons Condos,163,2023-11-23,36.094696,-86.82772059999999
"Nashville-Davidson, Tennessee",Woodside Lake Country Section 2,215,2023-11-23,36.2316434,-86.5911677
"Nashville-Davidson, Tennessee",Woodlea Place,753,2023-11-23,36.0750903,-86.7287491
"Nashville-Davidson, Tennessee",Villages of Riverwood,9,2023-11-23,36.1654229,-86.6220546
"Nashville-Davidson, Tennessee",Autumn Chase,0,2023-11-23,36.191738,-86.67228329999999
"Nashville-Davidson, Tennessee",Bells Bend,212,2023-11-23,36.1638693,-86.9173327
"Nashville-Davidson, Tennessee",Kenmont Apts,1,2023-11-23,36.2644007,-86.72879089999999
